Copyright 1986-2022 Xilinx, Inc. All Rights Reserved. Copyright 2022-2024 Advanced Micro Devices, Inc. All Rights Reserved.
--------------------------------------------------------------------------------------------------------------------------------------------------------------------------------------------------------------------
| Tool Version : Vivado v.2024.1 (lin64) Build 5076996 Wed May 22 18:36:09 MDT 2024
| Date         : Wed Feb 11 16:10:51 2026
| Host         : Lolo running 64-bit Debian GNU/Linux 12 (bookworm)
| Command      : report_timing_summary -max_paths 10 -report_unconstrained -file system_wrapper_timing_summary_routed.rpt -pb system_wrapper_timing_summary_routed.pb -rpx system_wrapper_timing_summary_routed.rpx
| Design       : system_wrapper
| Device       : 7z010-clg400
| Speed File   : -1  PRODUCTION 1.12 2019-11-22
| Design State : Routed
--------------------------------------------------------------------------------------------------------------------------------------------------------------------------------------------------------------------

Timing Summary Report

------------------------------------------------------------------------------------------------
| Timer Settings
| --------------
------------------------------------------------------------------------------------------------

  Enable Multi Corner Analysis               :  Yes
  Enable Pessimism Removal                   :  Yes
  Pessimism Removal Resolution               :  Nearest Common Node
  Enable Input Delay Default Clock           :  No
  Enable Preset / Clear Arcs                 :  No
  Disable Flight Delays                      :  No
  Ignore I/O Paths                           :  No
  Timing Early Launch at Borrowing Latches   :  No
  Borrow Time for Max Delay Exceptions       :  Yes
  Merge Timing Exceptions                    :  Yes
  Inter-SLR Compensation                     :  Conservative

  Corner  Analyze    Analyze    
  Name    Max Paths  Min Paths  
  ------  ---------  ---------  
  Slow    Yes        Yes        
  Fast    Yes        Yes        


------------------------------------------------------------------------------------------------
| Report Methodology
| ------------------
------------------------------------------------------------------------------------------------

Rule       Severity  Description                                      Violations  
---------  --------  -----------------------------------------------  ----------  
TIMING-18  Warning   Missing input or output delay                    28          
XDCC-5     Warning   User Non-Timing constraint/property overwritten  4           

Note: This report is based on the most recent report_methodology run and may not be up-to-date. Run report_methodology on the current design for the latest report.



check_timing report

Table of Contents
-----------------
1. checking no_clock (0)
2. checking constant_clock (0)
3. checking pulse_width_clock (0)
4. checking unconstrained_internal_endpoints (0)
5. checking no_input_delay (0)
6. checking no_output_delay (0)
7. checking multiple_clock (0)
8. checking generated_clocks (0)
9. checking loops (0)
10. checking partial_input_delay (32)
11. checking partial_output_delay (0)
12. checking latch_loops (0)

1. checking no_clock (0)
------------------------
 There are 0 register/latch pins with no clock.


2. checking constant_clock (0)
------------------------------
 There are 0 register/latch pins with constant_clock.


3. checking pulse_width_clock (0)
---------------------------------
 There are 0 register/latch pins which need pulse_width check


4. checking unconstrained_internal_endpoints (0)
------------------------------------------------
 There are 0 pins that are not constrained for maximum delay.

 There are 0 pins that are not constrained for maximum delay due to constant clock.


5. checking no_input_delay (0)
------------------------------
 There are 0 input ports with no input delay specified.

 There are 0 input ports with no input delay but user has a false path constraint.


6. checking no_output_delay (0)
-------------------------------
 There are 0 ports with no output delay specified.

 There are 0 ports with no output delay but user has a false path constraint

 There are 0 ports with no output delay but with a timing clock defined on it or propagating through it


7. checking multiple_clock (0)
------------------------------
 There are 0 register/latch pins with multiple clocks.


8. checking generated_clocks (0)
--------------------------------
 There are 0 generated clocks that are not connected to a clock source.


9. checking loops (0)
---------------------
 There are 0 combinational loops in the design.


10. checking partial_input_delay (32)
-------------------------------------
 There are 32 input ports with partial input delay specified. (HIGH)


11. checking partial_output_delay (0)
-------------------------------------
 There are 0 ports with partial output delay specified.


12. checking latch_loops (0)
----------------------------
 There are 0 combinational latch loops in the design through latch input



------------------------------------------------------------------------------------------------
| Design Timing Summary
| ---------------------
------------------------------------------------------------------------------------------------

    WNS(ns)      TNS(ns)  TNS Failing Endpoints  TNS Total Endpoints      WHS(ns)      THS(ns)  THS Failing Endpoints  THS Total Endpoints     WPWS(ns)     TPWS(ns)  TPWS Failing Endpoints  TPWS Total Endpoints  
    -------      -------  ---------------------  -------------------      -------      -------  ---------------------  -------------------     --------     --------  ----------------------  --------------------  
      0.538        0.000                      0                 6457        0.029        0.000                      0                 6429        2.000        0.000                       0                  3007  


All user specified timing constraints are met.


------------------------------------------------------------------------------------------------
| Clock Summary
| -------------
------------------------------------------------------------------------------------------------

Clock                      Waveform(ns)         Period(ns)      Frequency(MHz)
-----                      ------------         ----------      --------------
adc_clk_p_i                {0.000 4.000}        8.000           125.000         
  clk_out1_system_pll_0_0  {0.000 4.000}        8.000           125.000         
  clkfbout_system_pll_0_0  {0.000 4.000}        8.000           125.000         
clk_fpga_0                 {0.000 10.000}       20.000          50.000          


------------------------------------------------------------------------------------------------
| Intra Clock Table
| -----------------
------------------------------------------------------------------------------------------------

Clock                          WNS(ns)      TNS(ns)  TNS Failing Endpoints  TNS Total Endpoints      WHS(ns)      THS(ns)  THS Failing Endpoints  THS Total Endpoints     WPWS(ns)     TPWS(ns)  TPWS Failing Endpoints  TPWS Total Endpoints  
-----                          -------      -------  ---------------------  -------------------      -------      -------  ---------------------  -------------------     --------     --------  ----------------------  --------------------  
adc_clk_p_i                                                                                                                                                                  2.000        0.000                       0                     1  
  clk_out1_system_pll_0_0        0.538        0.000                      0                 6429        0.029        0.000                      0                 6429        3.020        0.000                       0                  3003  
  clkfbout_system_pll_0_0                                                                                                                                                    5.845        0.000                       0                     3  


------------------------------------------------------------------------------------------------
| Inter Clock Table
| -----------------
------------------------------------------------------------------------------------------------

From Clock               To Clock                     WNS(ns)      TNS(ns)  TNS Failing Endpoints  TNS Total Endpoints      WHS(ns)      THS(ns)  THS Failing Endpoints  THS Total Endpoints  
----------               --------                     -------      -------  ---------------------  -------------------      -------      -------  ---------------------  -------------------  
adc_clk_p_i              clk_out1_system_pll_0_0        3.438        0.000                      0                   28                                                                        


------------------------------------------------------------------------------------------------
| Other Path Groups Table
| -----------------------
------------------------------------------------------------------------------------------------

Path Group    From Clock    To Clock          WNS(ns)      TNS(ns)  TNS Failing Endpoints  TNS Total Endpoints      WHS(ns)      THS(ns)  THS Failing Endpoints  THS Total Endpoints  
----------    ----------    --------          -------      -------  ---------------------  -------------------      -------      -------  ---------------------  -------------------  


------------------------------------------------------------------------------------------------
| User Ignored Path Table
| -----------------------
------------------------------------------------------------------------------------------------

Path Group    From Clock    To Clock    
----------    ----------    --------    


------------------------------------------------------------------------------------------------
| Unconstrained Path Table
| ------------------------
------------------------------------------------------------------------------------------------

Path Group               From Clock               To Clock               
----------               ----------               --------               
(none)                   clkfbout_system_pll_0_0                           


------------------------------------------------------------------------------------------------
| Timing Details
| --------------
------------------------------------------------------------------------------------------------


---------------------------------------------------------------------------------------------------
From Clock:  adc_clk_p_i
  To Clock:  adc_clk_p_i

Setup :           NA  Failing Endpoints,  Worst Slack           NA  ,  Total Violation           NA
Hold  :           NA  Failing Endpoints,  Worst Slack           NA  ,  Total Violation           NA
PW    :            0  Failing Endpoints,  Worst Slack        2.000ns,  Total Violation        0.000ns
---------------------------------------------------------------------------------------------------


Pulse Width Checks
--------------------------------------------------------------------------------------
Clock Name:         adc_clk_p_i
Waveform(ns):       { 0.000 4.000 }
Period(ns):         8.000
Sources:            { adc_clk_p_i }

Check Type        Corner  Lib Pin           Reference Pin  Required(ns)  Actual(ns)  Slack(ns)  Location        Pin
Min Period        n/a     PLLE2_ADV/CLKIN1  n/a            1.249         8.000       6.751      PLLE2_ADV_X0Y0  system_i/pll_0/inst/plle2_adv_inst/CLKIN1
Max Period        n/a     PLLE2_ADV/CLKIN1  n/a            52.633        8.000       44.633     PLLE2_ADV_X0Y0  system_i/pll_0/inst/plle2_adv_inst/CLKIN1
Low Pulse Width   Slow    PLLE2_ADV/CLKIN1  n/a            2.000         4.000       2.000      PLLE2_ADV_X0Y0  system_i/pll_0/inst/plle2_adv_inst/CLKIN1
Low Pulse Width   Fast    PLLE2_ADV/CLKIN1  n/a            2.000         4.000       2.000      PLLE2_ADV_X0Y0  system_i/pll_0/inst/plle2_adv_inst/CLKIN1
High Pulse Width  Slow    PLLE2_ADV/CLKIN1  n/a            2.000         4.000       2.000      PLLE2_ADV_X0Y0  system_i/pll_0/inst/plle2_adv_inst/CLKIN1
High Pulse Width  Fast    PLLE2_ADV/CLKIN1  n/a            2.000         4.000       2.000      PLLE2_ADV_X0Y0  system_i/pll_0/inst/plle2_adv_inst/CLKIN1



---------------------------------------------------------------------------------------------------
From Clock:  clk_out1_system_pll_0_0
  To Clock:  clk_out1_system_pll_0_0

Setup :            0  Failing Endpoints,  Worst Slack        0.538ns,  Total Violation        0.000ns
Hold  :            0  Failing Endpoints,  Worst Slack        0.029ns,  Total Violation        0.000ns
PW    :            0  Failing Endpoints,  Worst Slack        3.020ns,  Total Violation        0.000ns
---------------------------------------------------------------------------------------------------


Max Delay Paths
--------------------------------------------------------------------------------------
Slack (MET) :             0.538ns  (required time - arrival time)
  Source:                 system_i/cic_1/U0/i_synth/decimator.decimation_filter/int/gen_stages[0].gen_unfolded.int_comb_stage/gen_split_accum[0].gen_sum_struct.opcode_reg[3]/C
                            (rising edge-triggered cell FDRE clocked by clk_out1_system_pll_0_0  {rise@0.000ns fall@4.000ns period=8.000ns})
  Destination:            system_i/cic_1/U0/i_synth/decimator.decimation_filter/int/gen_stages[0].gen_unfolded.int_comb_stage/gen_split_accum[0].gen_sum_struct.gen_sum/gen_structural.gen_no_dsp48.gen_adder[0].split_adder_n/gen_adders[84].i_reg/D
                            (rising edge-triggered cell FDRE clocked by clk_out1_system_pll_0_0  {rise@0.000ns fall@4.000ns period=8.000ns})
  Path Group:             clk_out1_system_pll_0_0
  Path Type:              Setup (Max at Slow Process Corner)
  Requirement:            8.000ns  (clk_out1_system_pll_0_0 rise@8.000ns - clk_out1_system_pll_0_0 rise@0.000ns)
  Data Path Delay:        7.481ns  (logic 3.776ns (50.472%)  route 3.705ns (49.528%))
  Logic Levels:           23  (CARRY4=22 LUT3=1)
  Clock Path Skew:        -0.018ns (DCD - SCD + CPR)
    Destination Clock Delay (DCD):    -2.342ns = ( 5.658 - 8.000 ) 
    Source Clock Delay      (SCD):    -2.720ns
    Clock Pessimism Removal (CPR):    -0.396ns
  Clock Uncertainty:      0.072ns  ((TSJ^2 + DJ^2)^1/2) / 2 + PE
    Total System Jitter     (TSJ):    0.071ns
    Discrete Jitter          (DJ):    0.125ns
    Phase Error              (PE):    0.000ns

    Location             Delay type                Incr(ns)  Path(ns)    Netlist Resource(s)
  -------------------------------------------------------------------    -------------------
                         (clock clk_out1_system_pll_0_0 rise edge)
                                                      0.000     0.000 r  
    U18                                               0.000     0.000 r  adc_clk_p_i (IN)
                         net (fo=0)                   0.000     0.000    system_i/pll_0/inst/clk_in1_p
    U18                  IBUFDS (Prop_ibufds_I_O)     0.983     0.983 r  system_i/pll_0/inst/clkin1_ibufgds/O
                         net (fo=1, routed)           1.306     2.289    system_i/pll_0/inst/clk_in1_system_pll_0_0
    PLLE2_ADV_X0Y0       PLLE2_ADV (Prop_plle2_adv_CLKIN1_CLKOUT0)
                                                     -8.533    -6.244 r  system_i/pll_0/inst/plle2_adv_inst/CLKOUT0
                         net (fo=1, routed)           1.754    -4.490    system_i/pll_0/inst/clk_out1_system_pll_0_0
    BUFGCTRL_X0Y0        BUFG (Prop_bufg_I_O)         0.101    -4.389 r  system_i/pll_0/inst/clkout1_buf/O
                         net (fo=3003, routed)        1.669    -2.720    system_i/cic_1/U0/i_synth/decimator.decimation_filter/int/gen_stages[0].gen_unfolded.int_comb_stage/aclk
    SLICE_X11Y30         FDRE                                         r  system_i/cic_1/U0/i_synth/decimator.decimation_filter/int/gen_stages[0].gen_unfolded.int_comb_stage/gen_split_accum[0].gen_sum_struct.opcode_reg[3]/C
  -------------------------------------------------------------------    -------------------
    SLICE_X11Y30         FDRE (Prop_fdre_C_Q)         0.456    -2.264 r  system_i/cic_1/U0/i_synth/decimator.decimation_filter/int/gen_stages[0].gen_unfolded.int_comb_stage/gen_split_accum[0].gen_sum_struct.opcode_reg[3]/Q
                         net (fo=173, routed)         3.696     1.433    system_i/cic_1/U0/i_synth/decimator.decimation_filter/int/gen_stages[0].gen_unfolded.int_comb_stage/gen_split_accum[0].gen_sum_struct.gen_sum/gen_structural.gen_no_dsp48.gen_adder[0].split_adder_n/gen_adders[0].gen_carry.i_muxcy_1[0]
    SLICE_X12Y14         LUT3 (Prop_lut3_I2_O)        0.124     1.557 r  system_i/cic_1/U0/i_synth/decimator.decimation_filter/int/gen_stages[0].gen_unfolded.int_comb_stage/gen_split_accum[0].gen_sum_struct.gen_sum/gen_structural.gen_no_dsp48.gen_adder[0].split_adder_n/d_loc/O
                         net (fo=1, routed)           0.000     1.557    system_i/cic_1/U0/i_synth/decimator.decimation_filter/int/gen_stages[0].gen_unfolded.int_comb_stage/gen_split_accum[0].gen_sum_struct.gen_sum/gen_structural.gen_no_dsp48.gen_adder[0].split_adder_n/gen_adders[0].d_loc_reg
    SLICE_X12Y14         CARRY4 (Prop_carry4_S[1]_CO[3])
                                                      0.533     2.090 r  system_i/cic_1/U0/i_synth/decimator.decimation_filter/int/gen_stages[0].gen_unfolded.int_comb_stage/gen_split_accum[0].gen_sum_struct.gen_sum/gen_structural.gen_no_dsp48.gen_adder[0].split_adder_n/muxcy_bottom_CARRY4/CO[3]
                         net (fo=1, routed)           0.000     2.090    system_i/cic_1/U0/i_synth/decimator.decimation_filter/int/gen_stages[0].gen_unfolded.int_comb_stage/gen_split_accum[0].gen_sum_struct.gen_sum/gen_structural.gen_no_dsp48.gen_adder[0].split_adder_n/carry_int_3
    SLICE_X12Y15         CARRY4 (Prop_carry4_CI_CO[3])
                                                      0.117     2.207 r  system_i/cic_1/U0/i_synth/decimator.decimation_filter/int/gen_stages[0].gen_unfolded.int_comb_stage/gen_split_accum[0].gen_sum_struct.gen_sum/gen_structural.gen_no_dsp48.gen_adder[0].split_adder_n/gen_adders[3].gen_carry.i_muxcy_CARRY4/CO[3]
                         net (fo=1, routed)           0.000     2.207    system_i/cic_1/U0/i_synth/decimator.decimation_filter/int/gen_stages[0].gen_unfolded.int_comb_stage/gen_split_accum[0].gen_sum_struct.gen_sum/gen_structural.gen_no_dsp48.gen_adder[0].split_adder_n/carry_int_7
    SLICE_X12Y16         CARRY4 (Prop_carry4_CI_CO[3])
                                                      0.117     2.324 r  system_i/cic_1/U0/i_synth/decimator.decimation_filter/int/gen_stages[0].gen_unfolded.int_comb_stage/gen_split_accum[0].gen_sum_struct.gen_sum/gen_structural.gen_no_dsp48.gen_adder[0].split_adder_n/gen_adders[7].gen_carry.i_muxcy_CARRY4/CO[3]
                         net (fo=1, routed)           0.000     2.324    system_i/cic_1/U0/i_synth/decimator.decimation_filter/int/gen_stages[0].gen_unfolded.int_comb_stage/gen_split_accum[0].gen_sum_struct.gen_sum/gen_structural.gen_no_dsp48.gen_adder[0].split_adder_n/carry_int_11
    SLICE_X12Y17         CARRY4 (Prop_carry4_CI_CO[3])
                                                      0.117     2.441 r  system_i/cic_1/U0/i_synth/decimator.decimation_filter/int/gen_stages[0].gen_unfolded.int_comb_stage/gen_split_accum[0].gen_sum_struct.gen_sum/gen_structural.gen_no_dsp48.gen_adder[0].split_adder_n/gen_adders[11].gen_carry.i_muxcy_CARRY4/CO[3]
                         net (fo=1, routed)           0.000     2.441    system_i/cic_1/U0/i_synth/decimator.decimation_filter/int/gen_stages[0].gen_unfolded.int_comb_stage/gen_split_accum[0].gen_sum_struct.gen_sum/gen_structural.gen_no_dsp48.gen_adder[0].split_adder_n/carry_int_15
    SLICE_X12Y18         CARRY4 (Prop_carry4_CI_CO[3])
                                                      0.117     2.558 r  system_i/cic_1/U0/i_synth/decimator.decimation_filter/int/gen_stages[0].gen_unfolded.int_comb_stage/gen_split_accum[0].gen_sum_struct.gen_sum/gen_structural.gen_no_dsp48.gen_adder[0].split_adder_n/gen_adders[15].gen_carry.i_muxcy_CARRY4/CO[3]
                         net (fo=1, routed)           0.000     2.558    system_i/cic_1/U0/i_synth/decimator.decimation_filter/int/gen_stages[0].gen_unfolded.int_comb_stage/gen_split_accum[0].gen_sum_struct.gen_sum/gen_structural.gen_no_dsp48.gen_adder[0].split_adder_n/carry_int_19
    SLICE_X12Y19         CARRY4 (Prop_carry4_CI_CO[3])
                                                      0.117     2.675 r  system_i/cic_1/U0/i_synth/decimator.decimation_filter/int/gen_stages[0].gen_unfolded.int_comb_stage/gen_split_accum[0].gen_sum_struct.gen_sum/gen_structural.gen_no_dsp48.gen_adder[0].split_adder_n/gen_adders[19].gen_carry.i_muxcy_CARRY4/CO[3]
                         net (fo=1, routed)           0.000     2.675    system_i/cic_1/U0/i_synth/decimator.decimation_filter/int/gen_stages[0].gen_unfolded.int_comb_stage/gen_split_accum[0].gen_sum_struct.gen_sum/gen_structural.gen_no_dsp48.gen_adder[0].split_adder_n/carry_int_23
    SLICE_X12Y20         CARRY4 (Prop_carry4_CI_CO[3])
                                                      0.117     2.792 r  system_i/cic_1/U0/i_synth/decimator.decimation_filter/int/gen_stages[0].gen_unfolded.int_comb_stage/gen_split_accum[0].gen_sum_struct.gen_sum/gen_structural.gen_no_dsp48.gen_adder[0].split_adder_n/gen_adders[23].gen_carry.i_muxcy_CARRY4/CO[3]
                         net (fo=1, routed)           0.000     2.792    system_i/cic_1/U0/i_synth/decimator.decimation_filter/int/gen_stages[0].gen_unfolded.int_comb_stage/gen_split_accum[0].gen_sum_struct.gen_sum/gen_structural.gen_no_dsp48.gen_adder[0].split_adder_n/carry_int_27
    SLICE_X12Y21         CARRY4 (Prop_carry4_CI_CO[3])
                                                      0.117     2.909 r  system_i/cic_1/U0/i_synth/decimator.decimation_filter/int/gen_stages[0].gen_unfolded.int_comb_stage/gen_split_accum[0].gen_sum_struct.gen_sum/gen_structural.gen_no_dsp48.gen_adder[0].split_adder_n/gen_adders[27].gen_carry.i_muxcy_CARRY4/CO[3]
                         net (fo=1, routed)           0.000     2.909    system_i/cic_1/U0/i_synth/decimator.decimation_filter/int/gen_stages[0].gen_unfolded.int_comb_stage/gen_split_accum[0].gen_sum_struct.gen_sum/gen_structural.gen_no_dsp48.gen_adder[0].split_adder_n/carry_int_31
    SLICE_X12Y22         CARRY4 (Prop_carry4_CI_CO[3])
                                                      0.117     3.026 r  system_i/cic_1/U0/i_synth/decimator.decimation_filter/int/gen_stages[0].gen_unfolded.int_comb_stage/gen_split_accum[0].gen_sum_struct.gen_sum/gen_structural.gen_no_dsp48.gen_adder[0].split_adder_n/gen_adders[31].gen_carry.i_muxcy_CARRY4/CO[3]
                         net (fo=1, routed)           0.000     3.026    system_i/cic_1/U0/i_synth/decimator.decimation_filter/int/gen_stages[0].gen_unfolded.int_comb_stage/gen_split_accum[0].gen_sum_struct.gen_sum/gen_structural.gen_no_dsp48.gen_adder[0].split_adder_n/carry_int_35
    SLICE_X12Y23         CARRY4 (Prop_carry4_CI_CO[3])
                                                      0.117     3.143 r  system_i/cic_1/U0/i_synth/decimator.decimation_filter/int/gen_stages[0].gen_unfolded.int_comb_stage/gen_split_accum[0].gen_sum_struct.gen_sum/gen_structural.gen_no_dsp48.gen_adder[0].split_adder_n/gen_adders[35].gen_carry.i_muxcy_CARRY4/CO[3]
                         net (fo=1, routed)           0.000     3.143    system_i/cic_1/U0/i_synth/decimator.decimation_filter/int/gen_stages[0].gen_unfolded.int_comb_stage/gen_split_accum[0].gen_sum_struct.gen_sum/gen_structural.gen_no_dsp48.gen_adder[0].split_adder_n/carry_int_39
    SLICE_X12Y24         CARRY4 (Prop_carry4_CI_CO[3])
                                                      0.117     3.260 r  system_i/cic_1/U0/i_synth/decimator.decimation_filter/int/gen_stages[0].gen_unfolded.int_comb_stage/gen_split_accum[0].gen_sum_struct.gen_sum/gen_structural.gen_no_dsp48.gen_adder[0].split_adder_n/gen_adders[39].gen_carry.i_muxcy_CARRY4/CO[3]
                         net (fo=1, routed)           0.009     3.269    system_i/cic_1/U0/i_synth/decimator.decimation_filter/int/gen_stages[0].gen_unfolded.int_comb_stage/gen_split_accum[0].gen_sum_struct.gen_sum/gen_structural.gen_no_dsp48.gen_adder[0].split_adder_n/carry_int_43
    SLICE_X12Y25         CARRY4 (Prop_carry4_CI_CO[3])
                                                      0.117     3.386 r  system_i/cic_1/U0/i_synth/decimator.decimation_filter/int/gen_stages[0].gen_unfolded.int_comb_stage/gen_split_accum[0].gen_sum_struct.gen_sum/gen_structural.gen_no_dsp48.gen_adder[0].split_adder_n/gen_adders[43].gen_carry.i_muxcy_CARRY4/CO[3]
                         net (fo=1, routed)           0.000     3.386    system_i/cic_1/U0/i_synth/decimator.decimation_filter/int/gen_stages[0].gen_unfolded.int_comb_stage/gen_split_accum[0].gen_sum_struct.gen_sum/gen_structural.gen_no_dsp48.gen_adder[0].split_adder_n/carry_int_47
    SLICE_X12Y26         CARRY4 (Prop_carry4_CI_CO[3])
                                                      0.117     3.503 r  system_i/cic_1/U0/i_synth/decimator.decimation_filter/int/gen_stages[0].gen_unfolded.int_comb_stage/gen_split_accum[0].gen_sum_struct.gen_sum/gen_structural.gen_no_dsp48.gen_adder[0].split_adder_n/gen_adders[47].gen_carry.i_muxcy_CARRY4/CO[3]
                         net (fo=1, routed)           0.000     3.503    system_i/cic_1/U0/i_synth/decimator.decimation_filter/int/gen_stages[0].gen_unfolded.int_comb_stage/gen_split_accum[0].gen_sum_struct.gen_sum/gen_structural.gen_no_dsp48.gen_adder[0].split_adder_n/carry_int_51
    SLICE_X12Y27         CARRY4 (Prop_carry4_CI_CO[3])
                                                      0.117     3.620 r  system_i/cic_1/U0/i_synth/decimator.decimation_filter/int/gen_stages[0].gen_unfolded.int_comb_stage/gen_split_accum[0].gen_sum_struct.gen_sum/gen_structural.gen_no_dsp48.gen_adder[0].split_adder_n/gen_adders[51].gen_carry.i_muxcy_CARRY4/CO[3]
                         net (fo=1, routed)           0.000     3.620    system_i/cic_1/U0/i_synth/decimator.decimation_filter/int/gen_stages[0].gen_unfolded.int_comb_stage/gen_split_accum[0].gen_sum_struct.gen_sum/gen_structural.gen_no_dsp48.gen_adder[0].split_adder_n/carry_int_55
    SLICE_X12Y28         CARRY4 (Prop_carry4_CI_CO[3])
                                                      0.117     3.737 r  system_i/cic_1/U0/i_synth/decimator.decimation_filter/int/gen_stages[0].gen_unfolded.int_comb_stage/gen_split_accum[0].gen_sum_struct.gen_sum/gen_structural.gen_no_dsp48.gen_adder[0].split_adder_n/gen_adders[55].gen_carry.i_muxcy_CARRY4/CO[3]
                         net (fo=1, routed)           0.000     3.737    system_i/cic_1/U0/i_synth/decimator.decimation_filter/int/gen_stages[0].gen_unfolded.int_comb_stage/gen_split_accum[0].gen_sum_struct.gen_sum/gen_structural.gen_no_dsp48.gen_adder[0].split_adder_n/carry_int_59
    SLICE_X12Y29         CARRY4 (Prop_carry4_CI_CO[3])
                                                      0.117     3.854 r  system_i/cic_1/U0/i_synth/decimator.decimation_filter/int/gen_stages[0].gen_unfolded.int_comb_stage/gen_split_accum[0].gen_sum_struct.gen_sum/gen_structural.gen_no_dsp48.gen_adder[0].split_adder_n/gen_adders[59].gen_carry.i_muxcy_CARRY4/CO[3]
                         net (fo=1, routed)           0.000     3.854    system_i/cic_1/U0/i_synth/decimator.decimation_filter/int/gen_stages[0].gen_unfolded.int_comb_stage/gen_split_accum[0].gen_sum_struct.gen_sum/gen_structural.gen_no_dsp48.gen_adder[0].split_adder_n/carry_int_63
    SLICE_X12Y30         CARRY4 (Prop_carry4_CI_CO[3])
                                                      0.117     3.971 r  system_i/cic_1/U0/i_synth/decimator.decimation_filter/int/gen_stages[0].gen_unfolded.int_comb_stage/gen_split_accum[0].gen_sum_struct.gen_sum/gen_structural.gen_no_dsp48.gen_adder[0].split_adder_n/gen_adders[63].gen_carry.i_muxcy_CARRY4/CO[3]
                         net (fo=1, routed)           0.000     3.971    system_i/cic_1/U0/i_synth/decimator.decimation_filter/int/gen_stages[0].gen_unfolded.int_comb_stage/gen_split_accum[0].gen_sum_struct.gen_sum/gen_structural.gen_no_dsp48.gen_adder[0].split_adder_n/carry_int_67
    SLICE_X12Y31         CARRY4 (Prop_carry4_CI_CO[3])
                                                      0.117     4.088 r  system_i/cic_1/U0/i_synth/decimator.decimation_filter/int/gen_stages[0].gen_unfolded.int_comb_stage/gen_split_accum[0].gen_sum_struct.gen_sum/gen_structural.gen_no_dsp48.gen_adder[0].split_adder_n/gen_adders[67].gen_carry.i_muxcy_CARRY4/CO[3]
                         net (fo=1, routed)           0.000     4.088    system_i/cic_1/U0/i_synth/decimator.decimation_filter/int/gen_stages[0].gen_unfolded.int_comb_stage/gen_split_accum[0].gen_sum_struct.gen_sum/gen_structural.gen_no_dsp48.gen_adder[0].split_adder_n/carry_int_71
    SLICE_X12Y32         CARRY4 (Prop_carry4_CI_CO[3])
                                                      0.117     4.205 r  system_i/cic_1/U0/i_synth/decimator.decimation_filter/int/gen_stages[0].gen_unfolded.int_comb_stage/gen_split_accum[0].gen_sum_struct.gen_sum/gen_structural.gen_no_dsp48.gen_adder[0].split_adder_n/gen_adders[71].gen_carry.i_muxcy_CARRY4/CO[3]
                         net (fo=1, routed)           0.000     4.205    system_i/cic_1/U0/i_synth/decimator.decimation_filter/int/gen_stages[0].gen_unfolded.int_comb_stage/gen_split_accum[0].gen_sum_struct.gen_sum/gen_structural.gen_no_dsp48.gen_adder[0].split_adder_n/carry_int_75
    SLICE_X12Y33         CARRY4 (Prop_carry4_CI_CO[3])
                                                      0.117     4.322 r  system_i/cic_1/U0/i_synth/decimator.decimation_filter/int/gen_stages[0].gen_unfolded.int_comb_stage/gen_split_accum[0].gen_sum_struct.gen_sum/gen_structural.gen_no_dsp48.gen_adder[0].split_adder_n/gen_adders[75].gen_carry.i_muxcy_CARRY4/CO[3]
                         net (fo=1, routed)           0.000     4.322    system_i/cic_1/U0/i_synth/decimator.decimation_filter/int/gen_stages[0].gen_unfolded.int_comb_stage/gen_split_accum[0].gen_sum_struct.gen_sum/gen_structural.gen_no_dsp48.gen_adder[0].split_adder_n/carry_int_79
    SLICE_X12Y34         CARRY4 (Prop_carry4_CI_CO[3])
                                                      0.117     4.439 r  system_i/cic_1/U0/i_synth/decimator.decimation_filter/int/gen_stages[0].gen_unfolded.int_comb_stage/gen_split_accum[0].gen_sum_struct.gen_sum/gen_structural.gen_no_dsp48.gen_adder[0].split_adder_n/gen_adders[79].gen_carry.i_muxcy_CARRY4/CO[3]
                         net (fo=1, routed)           0.000     4.439    system_i/cic_1/U0/i_synth/decimator.decimation_filter/int/gen_stages[0].gen_unfolded.int_comb_stage/gen_split_accum[0].gen_sum_struct.gen_sum/gen_structural.gen_no_dsp48.gen_adder[0].split_adder_n/carry_int_83
    SLICE_X12Y35         CARRY4 (Prop_carry4_CI_O[1])
                                                      0.323     4.762 r  system_i/cic_1/U0/i_synth/decimator.decimation_filter/int/gen_stages[0].gen_unfolded.int_comb_stage/gen_split_accum[0].gen_sum_struct.gen_sum/gen_structural.gen_no_dsp48.gen_adder[0].split_adder_n/gen_adders[83].gen_carry.i_muxcy_CARRY4/O[1]
                         net (fo=1, routed)           0.000     4.762    system_i/cic_1/U0/i_synth/decimator.decimation_filter/int/gen_stages[0].gen_unfolded.int_comb_stage/gen_split_accum[0].gen_sum_struct.gen_sum/gen_structural.gen_no_dsp48.gen_adder[0].split_adder_n/d_int_84
    SLICE_X12Y35         FDRE                                         r  system_i/cic_1/U0/i_synth/decimator.decimation_filter/int/gen_stages[0].gen_unfolded.int_comb_stage/gen_split_accum[0].gen_sum_struct.gen_sum/gen_structural.gen_no_dsp48.gen_adder[0].split_adder_n/gen_adders[84].i_reg/D
  -------------------------------------------------------------------    -------------------

                         (clock clk_out1_system_pll_0_0 rise edge)
                                                      8.000     8.000 r  
    U18                                               0.000     8.000 r  adc_clk_p_i (IN)
                         net (fo=0)                   0.000     8.000    system_i/pll_0/inst/clk_in1_p
    U18                  IBUFDS (Prop_ibufds_I_O)     0.940     8.940 r  system_i/pll_0/inst/clkin1_ibufgds/O
                         net (fo=1, routed)           1.181    10.121    system_i/pll_0/inst/clk_in1_system_pll_0_0
    PLLE2_ADV_X0Y0       PLLE2_ADV (Prop_plle2_adv_CLKIN1_CLKOUT0)
                                                     -7.650     2.470 r  system_i/pll_0/inst/plle2_adv_inst/CLKOUT0
                         net (fo=1, routed)           1.594     4.065    system_i/pll_0/inst/clk_out1_system_pll_0_0
    BUFGCTRL_X0Y0        BUFG (Prop_bufg_I_O)         0.091     4.156 r  system_i/pll_0/inst/clkout1_buf/O
                         net (fo=3003, routed)        1.502     5.658    system_i/cic_1/U0/i_synth/decimator.decimation_filter/int/gen_stages[0].gen_unfolded.int_comb_stage/gen_split_accum[0].gen_sum_struct.gen_sum/gen_structural.gen_no_dsp48.gen_adder[0].split_adder_n/aclk
    SLICE_X12Y35         FDRE                                         r  system_i/cic_1/U0/i_synth/decimator.decimation_filter/int/gen_stages[0].gen_unfolded.int_comb_stage/gen_split_accum[0].gen_sum_struct.gen_sum/gen_structural.gen_no_dsp48.gen_adder[0].split_adder_n/gen_adders[84].i_reg/C
                         clock pessimism             -0.396     5.262    
                         clock uncertainty           -0.072     5.190    
    SLICE_X12Y35         FDRE (Setup_fdre_C_D)        0.109     5.299    system_i/cic_1/U0/i_synth/decimator.decimation_filter/int/gen_stages[0].gen_unfolded.int_comb_stage/gen_split_accum[0].gen_sum_struct.gen_sum/gen_structural.gen_no_dsp48.gen_adder[0].split_adder_n/gen_adders[84].i_reg
  -------------------------------------------------------------------
                         required time                          5.299    
                         arrival time                          -4.762    
  -------------------------------------------------------------------
                         slack                                  0.538    

Slack (MET) :             0.546ns  (required time - arrival time)
  Source:                 system_i/cic_1/U0/i_synth/decimator.decimation_filter/int/gen_stages[0].gen_unfolded.int_comb_stage/gen_split_accum[0].gen_sum_struct.opcode_reg[3]/C
                            (rising edge-triggered cell FDRE clocked by clk_out1_system_pll_0_0  {rise@0.000ns fall@4.000ns period=8.000ns})
  Destination:            system_i/cic_1/U0/i_synth/decimator.decimation_filter/int/gen_stages[0].gen_unfolded.int_comb_stage/gen_split_accum[0].gen_sum_struct.gen_sum/gen_structural.gen_no_dsp48.gen_adder[0].split_adder_n/gen_adders[86].i_reg/D
                            (rising edge-triggered cell FDRE clocked by clk_out1_system_pll_0_0  {rise@0.000ns fall@4.000ns period=8.000ns})
  Path Group:             clk_out1_system_pll_0_0
  Path Type:              Setup (Max at Slow Process Corner)
  Requirement:            8.000ns  (clk_out1_system_pll_0_0 rise@8.000ns - clk_out1_system_pll_0_0 rise@0.000ns)
  Data Path Delay:        7.473ns  (logic 3.768ns (50.419%)  route 3.705ns (49.581%))
  Logic Levels:           23  (CARRY4=22 LUT3=1)
  Clock Path Skew:        -0.018ns (DCD - SCD + CPR)
    Destination Clock Delay (DCD):    -2.342ns = ( 5.658 - 8.000 ) 
    Source Clock Delay      (SCD):    -2.720ns
    Clock Pessimism Removal (CPR):    -0.396ns
  Clock Uncertainty:      0.072ns  ((TSJ^2 + DJ^2)^1/2) / 2 + PE
    Total System Jitter     (TSJ):    0.071ns
    Discrete Jitter          (DJ):    0.125ns
    Phase Error              (PE):    0.000ns

    Location             Delay type                Incr(ns)  Path(ns)    Netlist Resource(s)
  -------------------------------------------------------------------    -------------------
                         (clock clk_out1_system_pll_0_0 rise edge)
                                                      0.000     0.000 r  
    U18                                               0.000     0.000 r  adc_clk_p_i (IN)
                         net (fo=0)                   0.000     0.000    system_i/pll_0/inst/clk_in1_p
    U18                  IBUFDS (Prop_ibufds_I_O)     0.983     0.983 r  system_i/pll_0/inst/clkin1_ibufgds/O
                         net (fo=1, routed)           1.306     2.289    system_i/pll_0/inst/clk_in1_system_pll_0_0
    PLLE2_ADV_X0Y0       PLLE2_ADV (Prop_plle2_adv_CLKIN1_CLKOUT0)
                                                     -8.533    -6.244 r  system_i/pll_0/inst/plle2_adv_inst/CLKOUT0
                         net (fo=1, routed)           1.754    -4.490    system_i/pll_0/inst/clk_out1_system_pll_0_0
    BUFGCTRL_X0Y0        BUFG (Prop_bufg_I_O)         0.101    -4.389 r  system_i/pll_0/inst/clkout1_buf/O
                         net (fo=3003, routed)        1.669    -2.720    system_i/cic_1/U0/i_synth/decimator.decimation_filter/int/gen_stages[0].gen_unfolded.int_comb_stage/aclk
    SLICE_X11Y30         FDRE                                         r  system_i/cic_1/U0/i_synth/decimator.decimation_filter/int/gen_stages[0].gen_unfolded.int_comb_stage/gen_split_accum[0].gen_sum_struct.opcode_reg[3]/C
  -------------------------------------------------------------------    -------------------
    SLICE_X11Y30         FDRE (Prop_fdre_C_Q)         0.456    -2.264 r  system_i/cic_1/U0/i_synth/decimator.decimation_filter/int/gen_stages[0].gen_unfolded.int_comb_stage/gen_split_accum[0].gen_sum_struct.opcode_reg[3]/Q
                         net (fo=173, routed)         3.696     1.433    system_i/cic_1/U0/i_synth/decimator.decimation_filter/int/gen_stages[0].gen_unfolded.int_comb_stage/gen_split_accum[0].gen_sum_struct.gen_sum/gen_structural.gen_no_dsp48.gen_adder[0].split_adder_n/gen_adders[0].gen_carry.i_muxcy_1[0]
    SLICE_X12Y14         LUT3 (Prop_lut3_I2_O)        0.124     1.557 r  system_i/cic_1/U0/i_synth/decimator.decimation_filter/int/gen_stages[0].gen_unfolded.int_comb_stage/gen_split_accum[0].gen_sum_struct.gen_sum/gen_structural.gen_no_dsp48.gen_adder[0].split_adder_n/d_loc/O
                         net (fo=1, routed)           0.000     1.557    system_i/cic_1/U0/i_synth/decimator.decimation_filter/int/gen_stages[0].gen_unfolded.int_comb_stage/gen_split_accum[0].gen_sum_struct.gen_sum/gen_structural.gen_no_dsp48.gen_adder[0].split_adder_n/gen_adders[0].d_loc_reg
    SLICE_X12Y14         CARRY4 (Prop_carry4_S[1]_CO[3])
                                                      0.533     2.090 r  system_i/cic_1/U0/i_synth/decimator.decimation_filter/int/gen_stages[0].gen_unfolded.int_comb_stage/gen_split_accum[0].gen_sum_struct.gen_sum/gen_structural.gen_no_dsp48.gen_adder[0].split_adder_n/muxcy_bottom_CARRY4/CO[3]
                         net (fo=1, routed)           0.000     2.090    system_i/cic_1/U0/i_synth/decimator.decimation_filter/int/gen_stages[0].gen_unfolded.int_comb_stage/gen_split_accum[0].gen_sum_struct.gen_sum/gen_structural.gen_no_dsp48.gen_adder[0].split_adder_n/carry_int_3
    SLICE_X12Y15         CARRY4 (Prop_carry4_CI_CO[3])
                                                      0.117     2.207 r  system_i/cic_1/U0/i_synth/decimator.decimation_filter/int/gen_stages[0].gen_unfolded.int_comb_stage/gen_split_accum[0].gen_sum_struct.gen_sum/gen_structural.gen_no_dsp48.gen_adder[0].split_adder_n/gen_adders[3].gen_carry.i_muxcy_CARRY4/CO[3]
                         net (fo=1, routed)           0.000     2.207    system_i/cic_1/U0/i_synth/decimator.decimation_filter/int/gen_stages[0].gen_unfolded.int_comb_stage/gen_split_accum[0].gen_sum_struct.gen_sum/gen_structural.gen_no_dsp48.gen_adder[0].split_adder_n/carry_int_7
    SLICE_X12Y16         CARRY4 (Prop_carry4_CI_CO[3])
                                                      0.117     2.324 r  system_i/cic_1/U0/i_synth/decimator.decimation_filter/int/gen_stages[0].gen_unfolded.int_comb_stage/gen_split_accum[0].gen_sum_struct.gen_sum/gen_structural.gen_no_dsp48.gen_adder[0].split_adder_n/gen_adders[7].gen_carry.i_muxcy_CARRY4/CO[3]
                         net (fo=1, routed)           0.000     2.324    system_i/cic_1/U0/i_synth/decimator.decimation_filter/int/gen_stages[0].gen_unfolded.int_comb_stage/gen_split_accum[0].gen_sum_struct.gen_sum/gen_structural.gen_no_dsp48.gen_adder[0].split_adder_n/carry_int_11
    SLICE_X12Y17         CARRY4 (Prop_carry4_CI_CO[3])
                                                      0.117     2.441 r  system_i/cic_1/U0/i_synth/decimator.decimation_filter/int/gen_stages[0].gen_unfolded.int_comb_stage/gen_split_accum[0].gen_sum_struct.gen_sum/gen_structural.gen_no_dsp48.gen_adder[0].split_adder_n/gen_adders[11].gen_carry.i_muxcy_CARRY4/CO[3]
                         net (fo=1, routed)           0.000     2.441    system_i/cic_1/U0/i_synth/decimator.decimation_filter/int/gen_stages[0].gen_unfolded.int_comb_stage/gen_split_accum[0].gen_sum_struct.gen_sum/gen_structural.gen_no_dsp48.gen_adder[0].split_adder_n/carry_int_15
    SLICE_X12Y18         CARRY4 (Prop_carry4_CI_CO[3])
                                                      0.117     2.558 r  system_i/cic_1/U0/i_synth/decimator.decimation_filter/int/gen_stages[0].gen_unfolded.int_comb_stage/gen_split_accum[0].gen_sum_struct.gen_sum/gen_structural.gen_no_dsp48.gen_adder[0].split_adder_n/gen_adders[15].gen_carry.i_muxcy_CARRY4/CO[3]
                         net (fo=1, routed)           0.000     2.558    system_i/cic_1/U0/i_synth/decimator.decimation_filter/int/gen_stages[0].gen_unfolded.int_comb_stage/gen_split_accum[0].gen_sum_struct.gen_sum/gen_structural.gen_no_dsp48.gen_adder[0].split_adder_n/carry_int_19
    SLICE_X12Y19         CARRY4 (Prop_carry4_CI_CO[3])
                                                      0.117     2.675 r  system_i/cic_1/U0/i_synth/decimator.decimation_filter/int/gen_stages[0].gen_unfolded.int_comb_stage/gen_split_accum[0].gen_sum_struct.gen_sum/gen_structural.gen_no_dsp48.gen_adder[0].split_adder_n/gen_adders[19].gen_carry.i_muxcy_CARRY4/CO[3]
                         net (fo=1, routed)           0.000     2.675    system_i/cic_1/U0/i_synth/decimator.decimation_filter/int/gen_stages[0].gen_unfolded.int_comb_stage/gen_split_accum[0].gen_sum_struct.gen_sum/gen_structural.gen_no_dsp48.gen_adder[0].split_adder_n/carry_int_23
    SLICE_X12Y20         CARRY4 (Prop_carry4_CI_CO[3])
                                                      0.117     2.792 r  system_i/cic_1/U0/i_synth/decimator.decimation_filter/int/gen_stages[0].gen_unfolded.int_comb_stage/gen_split_accum[0].gen_sum_struct.gen_sum/gen_structural.gen_no_dsp48.gen_adder[0].split_adder_n/gen_adders[23].gen_carry.i_muxcy_CARRY4/CO[3]
                         net (fo=1, routed)           0.000     2.792    system_i/cic_1/U0/i_synth/decimator.decimation_filter/int/gen_stages[0].gen_unfolded.int_comb_stage/gen_split_accum[0].gen_sum_struct.gen_sum/gen_structural.gen_no_dsp48.gen_adder[0].split_adder_n/carry_int_27
    SLICE_X12Y21         CARRY4 (Prop_carry4_CI_CO[3])
                                                      0.117     2.909 r  system_i/cic_1/U0/i_synth/decimator.decimation_filter/int/gen_stages[0].gen_unfolded.int_comb_stage/gen_split_accum[0].gen_sum_struct.gen_sum/gen_structural.gen_no_dsp48.gen_adder[0].split_adder_n/gen_adders[27].gen_carry.i_muxcy_CARRY4/CO[3]
                         net (fo=1, routed)           0.000     2.909    system_i/cic_1/U0/i_synth/decimator.decimation_filter/int/gen_stages[0].gen_unfolded.int_comb_stage/gen_split_accum[0].gen_sum_struct.gen_sum/gen_structural.gen_no_dsp48.gen_adder[0].split_adder_n/carry_int_31
    SLICE_X12Y22         CARRY4 (Prop_carry4_CI_CO[3])
                                                      0.117     3.026 r  system_i/cic_1/U0/i_synth/decimator.decimation_filter/int/gen_stages[0].gen_unfolded.int_comb_stage/gen_split_accum[0].gen_sum_struct.gen_sum/gen_structural.gen_no_dsp48.gen_adder[0].split_adder_n/gen_adders[31].gen_carry.i_muxcy_CARRY4/CO[3]
                         net (fo=1, routed)           0.000     3.026    system_i/cic_1/U0/i_synth/decimator.decimation_filter/int/gen_stages[0].gen_unfolded.int_comb_stage/gen_split_accum[0].gen_sum_struct.gen_sum/gen_structural.gen_no_dsp48.gen_adder[0].split_adder_n/carry_int_35
    SLICE_X12Y23         CARRY4 (Prop_carry4_CI_CO[3])
                                                      0.117     3.143 r  system_i/cic_1/U0/i_synth/decimator.decimation_filter/int/gen_stages[0].gen_unfolded.int_comb_stage/gen_split_accum[0].gen_sum_struct.gen_sum/gen_structural.gen_no_dsp48.gen_adder[0].split_adder_n/gen_adders[35].gen_carry.i_muxcy_CARRY4/CO[3]
                         net (fo=1, routed)           0.000     3.143    system_i/cic_1/U0/i_synth/decimator.decimation_filter/int/gen_stages[0].gen_unfolded.int_comb_stage/gen_split_accum[0].gen_sum_struct.gen_sum/gen_structural.gen_no_dsp48.gen_adder[0].split_adder_n/carry_int_39
    SLICE_X12Y24         CARRY4 (Prop_carry4_CI_CO[3])
                                                      0.117     3.260 r  system_i/cic_1/U0/i_synth/decimator.decimation_filter/int/gen_stages[0].gen_unfolded.int_comb_stage/gen_split_accum[0].gen_sum_struct.gen_sum/gen_structural.gen_no_dsp48.gen_adder[0].split_adder_n/gen_adders[39].gen_carry.i_muxcy_CARRY4/CO[3]
                         net (fo=1, routed)           0.009     3.269    system_i/cic_1/U0/i_synth/decimator.decimation_filter/int/gen_stages[0].gen_unfolded.int_comb_stage/gen_split_accum[0].gen_sum_struct.gen_sum/gen_structural.gen_no_dsp48.gen_adder[0].split_adder_n/carry_int_43
    SLICE_X12Y25         CARRY4 (Prop_carry4_CI_CO[3])
                                                      0.117     3.386 r  system_i/cic_1/U0/i_synth/decimator.decimation_filter/int/gen_stages[0].gen_unfolded.int_comb_stage/gen_split_accum[0].gen_sum_struct.gen_sum/gen_structural.gen_no_dsp48.gen_adder[0].split_adder_n/gen_adders[43].gen_carry.i_muxcy_CARRY4/CO[3]
                         net (fo=1, routed)           0.000     3.386    system_i/cic_1/U0/i_synth/decimator.decimation_filter/int/gen_stages[0].gen_unfolded.int_comb_stage/gen_split_accum[0].gen_sum_struct.gen_sum/gen_structural.gen_no_dsp48.gen_adder[0].split_adder_n/carry_int_47
    SLICE_X12Y26         CARRY4 (Prop_carry4_CI_CO[3])
                                                      0.117     3.503 r  system_i/cic_1/U0/i_synth/decimator.decimation_filter/int/gen_stages[0].gen_unfolded.int_comb_stage/gen_split_accum[0].gen_sum_struct.gen_sum/gen_structural.gen_no_dsp48.gen_adder[0].split_adder_n/gen_adders[47].gen_carry.i_muxcy_CARRY4/CO[3]
                         net (fo=1, routed)           0.000     3.503    system_i/cic_1/U0/i_synth/decimator.decimation_filter/int/gen_stages[0].gen_unfolded.int_comb_stage/gen_split_accum[0].gen_sum_struct.gen_sum/gen_structural.gen_no_dsp48.gen_adder[0].split_adder_n/carry_int_51
    SLICE_X12Y27         CARRY4 (Prop_carry4_CI_CO[3])
                                                      0.117     3.620 r  system_i/cic_1/U0/i_synth/decimator.decimation_filter/int/gen_stages[0].gen_unfolded.int_comb_stage/gen_split_accum[0].gen_sum_struct.gen_sum/gen_structural.gen_no_dsp48.gen_adder[0].split_adder_n/gen_adders[51].gen_carry.i_muxcy_CARRY4/CO[3]
                         net (fo=1, routed)           0.000     3.620    system_i/cic_1/U0/i_synth/decimator.decimation_filter/int/gen_stages[0].gen_unfolded.int_comb_stage/gen_split_accum[0].gen_sum_struct.gen_sum/gen_structural.gen_no_dsp48.gen_adder[0].split_adder_n/carry_int_55
    SLICE_X12Y28         CARRY4 (Prop_carry4_CI_CO[3])
                                                      0.117     3.737 r  system_i/cic_1/U0/i_synth/decimator.decimation_filter/int/gen_stages[0].gen_unfolded.int_comb_stage/gen_split_accum[0].gen_sum_struct.gen_sum/gen_structural.gen_no_dsp48.gen_adder[0].split_adder_n/gen_adders[55].gen_carry.i_muxcy_CARRY4/CO[3]
                         net (fo=1, routed)           0.000     3.737    system_i/cic_1/U0/i_synth/decimator.decimation_filter/int/gen_stages[0].gen_unfolded.int_comb_stage/gen_split_accum[0].gen_sum_struct.gen_sum/gen_structural.gen_no_dsp48.gen_adder[0].split_adder_n/carry_int_59
    SLICE_X12Y29         CARRY4 (Prop_carry4_CI_CO[3])
                                                      0.117     3.854 r  system_i/cic_1/U0/i_synth/decimator.decimation_filter/int/gen_stages[0].gen_unfolded.int_comb_stage/gen_split_accum[0].gen_sum_struct.gen_sum/gen_structural.gen_no_dsp48.gen_adder[0].split_adder_n/gen_adders[59].gen_carry.i_muxcy_CARRY4/CO[3]
                         net (fo=1, routed)           0.000     3.854    system_i/cic_1/U0/i_synth/decimator.decimation_filter/int/gen_stages[0].gen_unfolded.int_comb_stage/gen_split_accum[0].gen_sum_struct.gen_sum/gen_structural.gen_no_dsp48.gen_adder[0].split_adder_n/carry_int_63
    SLICE_X12Y30         CARRY4 (Prop_carry4_CI_CO[3])
                                                      0.117     3.971 r  system_i/cic_1/U0/i_synth/decimator.decimation_filter/int/gen_stages[0].gen_unfolded.int_comb_stage/gen_split_accum[0].gen_sum_struct.gen_sum/gen_structural.gen_no_dsp48.gen_adder[0].split_adder_n/gen_adders[63].gen_carry.i_muxcy_CARRY4/CO[3]
                         net (fo=1, routed)           0.000     3.971    system_i/cic_1/U0/i_synth/decimator.decimation_filter/int/gen_stages[0].gen_unfolded.int_comb_stage/gen_split_accum[0].gen_sum_struct.gen_sum/gen_structural.gen_no_dsp48.gen_adder[0].split_adder_n/carry_int_67
    SLICE_X12Y31         CARRY4 (Prop_carry4_CI_CO[3])
                                                      0.117     4.088 r  system_i/cic_1/U0/i_synth/decimator.decimation_filter/int/gen_stages[0].gen_unfolded.int_comb_stage/gen_split_accum[0].gen_sum_struct.gen_sum/gen_structural.gen_no_dsp48.gen_adder[0].split_adder_n/gen_adders[67].gen_carry.i_muxcy_CARRY4/CO[3]
                         net (fo=1, routed)           0.000     4.088    system_i/cic_1/U0/i_synth/decimator.decimation_filter/int/gen_stages[0].gen_unfolded.int_comb_stage/gen_split_accum[0].gen_sum_struct.gen_sum/gen_structural.gen_no_dsp48.gen_adder[0].split_adder_n/carry_int_71
    SLICE_X12Y32         CARRY4 (Prop_carry4_CI_CO[3])
                                                      0.117     4.205 r  system_i/cic_1/U0/i_synth/decimator.decimation_filter/int/gen_stages[0].gen_unfolded.int_comb_stage/gen_split_accum[0].gen_sum_struct.gen_sum/gen_structural.gen_no_dsp48.gen_adder[0].split_adder_n/gen_adders[71].gen_carry.i_muxcy_CARRY4/CO[3]
                         net (fo=1, routed)           0.000     4.205    system_i/cic_1/U0/i_synth/decimator.decimation_filter/int/gen_stages[0].gen_unfolded.int_comb_stage/gen_split_accum[0].gen_sum_struct.gen_sum/gen_structural.gen_no_dsp48.gen_adder[0].split_adder_n/carry_int_75
    SLICE_X12Y33         CARRY4 (Prop_carry4_CI_CO[3])
                                                      0.117     4.322 r  system_i/cic_1/U0/i_synth/decimator.decimation_filter/int/gen_stages[0].gen_unfolded.int_comb_stage/gen_split_accum[0].gen_sum_struct.gen_sum/gen_structural.gen_no_dsp48.gen_adder[0].split_adder_n/gen_adders[75].gen_carry.i_muxcy_CARRY4/CO[3]
                         net (fo=1, routed)           0.000     4.322    system_i/cic_1/U0/i_synth/decimator.decimation_filter/int/gen_stages[0].gen_unfolded.int_comb_stage/gen_split_accum[0].gen_sum_struct.gen_sum/gen_structural.gen_no_dsp48.gen_adder[0].split_adder_n/carry_int_79
    SLICE_X12Y34         CARRY4 (Prop_carry4_CI_CO[3])
                                                      0.117     4.439 r  system_i/cic_1/U0/i_synth/decimator.decimation_filter/int/gen_stages[0].gen_unfolded.int_comb_stage/gen_split_accum[0].gen_sum_struct.gen_sum/gen_structural.gen_no_dsp48.gen_adder[0].split_adder_n/gen_adders[79].gen_carry.i_muxcy_CARRY4/CO[3]
                         net (fo=1, routed)           0.000     4.439    system_i/cic_1/U0/i_synth/decimator.decimation_filter/int/gen_stages[0].gen_unfolded.int_comb_stage/gen_split_accum[0].gen_sum_struct.gen_sum/gen_structural.gen_no_dsp48.gen_adder[0].split_adder_n/carry_int_83
    SLICE_X12Y35         CARRY4 (Prop_carry4_CI_O[3])
                                                      0.315     4.754 r  system_i/cic_1/U0/i_synth/decimator.decimation_filter/int/gen_stages[0].gen_unfolded.int_comb_stage/gen_split_accum[0].gen_sum_struct.gen_sum/gen_structural.gen_no_dsp48.gen_adder[0].split_adder_n/gen_adders[83].gen_carry.i_muxcy_CARRY4/O[3]
                         net (fo=1, routed)           0.000     4.754    system_i/cic_1/U0/i_synth/decimator.decimation_filter/int/gen_stages[0].gen_unfolded.int_comb_stage/gen_split_accum[0].gen_sum_struct.gen_sum/gen_structural.gen_no_dsp48.gen_adder[0].split_adder_n/d_int_86
    SLICE_X12Y35         FDRE                                         r  system_i/cic_1/U0/i_synth/decimator.decimation_filter/int/gen_stages[0].gen_unfolded.int_comb_stage/gen_split_accum[0].gen_sum_struct.gen_sum/gen_structural.gen_no_dsp48.gen_adder[0].split_adder_n/gen_adders[86].i_reg/D
  -------------------------------------------------------------------    -------------------

                         (clock clk_out1_system_pll_0_0 rise edge)
                                                      8.000     8.000 r  
    U18                                               0.000     8.000 r  adc_clk_p_i (IN)
                         net (fo=0)                   0.000     8.000    system_i/pll_0/inst/clk_in1_p
    U18                  IBUFDS (Prop_ibufds_I_O)     0.940     8.940 r  system_i/pll_0/inst/clkin1_ibufgds/O
                         net (fo=1, routed)           1.181    10.121    system_i/pll_0/inst/clk_in1_system_pll_0_0
    PLLE2_ADV_X0Y0       PLLE2_ADV (Prop_plle2_adv_CLKIN1_CLKOUT0)
                                                     -7.650     2.470 r  system_i/pll_0/inst/plle2_adv_inst/CLKOUT0
                         net (fo=1, routed)           1.594     4.065    system_i/pll_0/inst/clk_out1_system_pll_0_0
    BUFGCTRL_X0Y0        BUFG (Prop_bufg_I_O)         0.091     4.156 r  system_i/pll_0/inst/clkout1_buf/O
                         net (fo=3003, routed)        1.502     5.658    system_i/cic_1/U0/i_synth/decimator.decimation_filter/int/gen_stages[0].gen_unfolded.int_comb_stage/gen_split_accum[0].gen_sum_struct.gen_sum/gen_structural.gen_no_dsp48.gen_adder[0].split_adder_n/aclk
    SLICE_X12Y35         FDRE                                         r  system_i/cic_1/U0/i_synth/decimator.decimation_filter/int/gen_stages[0].gen_unfolded.int_comb_stage/gen_split_accum[0].gen_sum_struct.gen_sum/gen_structural.gen_no_dsp48.gen_adder[0].split_adder_n/gen_adders[86].i_reg/C
                         clock pessimism             -0.396     5.262    
                         clock uncertainty           -0.072     5.190    
    SLICE_X12Y35         FDRE (Setup_fdre_C_D)        0.109     5.299    system_i/cic_1/U0/i_synth/decimator.decimation_filter/int/gen_stages[0].gen_unfolded.int_comb_stage/gen_split_accum[0].gen_sum_struct.gen_sum/gen_structural.gen_no_dsp48.gen_adder[0].split_adder_n/gen_adders[86].i_reg
  -------------------------------------------------------------------
                         required time                          5.299    
                         arrival time                          -4.754    
  -------------------------------------------------------------------
                         slack                                  0.546    

Slack (MET) :             0.622ns  (required time - arrival time)
  Source:                 system_i/cic_1/U0/i_synth/decimator.decimation_filter/int/gen_stages[0].gen_unfolded.int_comb_stage/gen_split_accum[0].gen_sum_struct.opcode_reg[3]/C
                            (rising edge-triggered cell FDRE clocked by clk_out1_system_pll_0_0  {rise@0.000ns fall@4.000ns period=8.000ns})
  Destination:            system_i/cic_1/U0/i_synth/decimator.decimation_filter/int/gen_stages[0].gen_unfolded.int_comb_stage/gen_split_accum[0].gen_sum_struct.gen_sum/gen_structural.gen_no_dsp48.gen_adder[0].split_adder_n/gen_adders[85].i_reg/D
                            (rising edge-triggered cell FDRE clocked by clk_out1_system_pll_0_0  {rise@0.000ns fall@4.000ns period=8.000ns})
  Path Group:             clk_out1_system_pll_0_0
  Path Type:              Setup (Max at Slow Process Corner)
  Requirement:            8.000ns  (clk_out1_system_pll_0_0 rise@8.000ns - clk_out1_system_pll_0_0 rise@0.000ns)
  Data Path Delay:        7.397ns  (logic 3.692ns (49.909%)  route 3.705ns (50.091%))
  Logic Levels:           23  (CARRY4=22 LUT3=1)
  Clock Path Skew:        -0.018ns (DCD - SCD + CPR)
    Destination Clock Delay (DCD):    -2.342ns = ( 5.658 - 8.000 ) 
    Source Clock Delay      (SCD):    -2.720ns
    Clock Pessimism Removal (CPR):    -0.396ns
  Clock Uncertainty:      0.072ns  ((TSJ^2 + DJ^2)^1/2) / 2 + PE
    Total System Jitter     (TSJ):    0.071ns
    Discrete Jitter          (DJ):    0.125ns
    Phase Error              (PE):    0.000ns

    Location             Delay type                Incr(ns)  Path(ns)    Netlist Resource(s)
  -------------------------------------------------------------------    -------------------
                         (clock clk_out1_system_pll_0_0 rise edge)
                                                      0.000     0.000 r  
    U18                                               0.000     0.000 r  adc_clk_p_i (IN)
                         net (fo=0)                   0.000     0.000    system_i/pll_0/inst/clk_in1_p
    U18                  IBUFDS (Prop_ibufds_I_O)     0.983     0.983 r  system_i/pll_0/inst/clkin1_ibufgds/O
                         net (fo=1, routed)           1.306     2.289    system_i/pll_0/inst/clk_in1_system_pll_0_0
    PLLE2_ADV_X0Y0       PLLE2_ADV (Prop_plle2_adv_CLKIN1_CLKOUT0)
                                                     -8.533    -6.244 r  system_i/pll_0/inst/plle2_adv_inst/CLKOUT0
                         net (fo=1, routed)           1.754    -4.490    system_i/pll_0/inst/clk_out1_system_pll_0_0
    BUFGCTRL_X0Y0        BUFG (Prop_bufg_I_O)         0.101    -4.389 r  system_i/pll_0/inst/clkout1_buf/O
                         net (fo=3003, routed)        1.669    -2.720    system_i/cic_1/U0/i_synth/decimator.decimation_filter/int/gen_stages[0].gen_unfolded.int_comb_stage/aclk
    SLICE_X11Y30         FDRE                                         r  system_i/cic_1/U0/i_synth/decimator.decimation_filter/int/gen_stages[0].gen_unfolded.int_comb_stage/gen_split_accum[0].gen_sum_struct.opcode_reg[3]/C
  -------------------------------------------------------------------    -------------------
    SLICE_X11Y30         FDRE (Prop_fdre_C_Q)         0.456    -2.264 r  system_i/cic_1/U0/i_synth/decimator.decimation_filter/int/gen_stages[0].gen_unfolded.int_comb_stage/gen_split_accum[0].gen_sum_struct.opcode_reg[3]/Q
                         net (fo=173, routed)         3.696     1.433    system_i/cic_1/U0/i_synth/decimator.decimation_filter/int/gen_stages[0].gen_unfolded.int_comb_stage/gen_split_accum[0].gen_sum_struct.gen_sum/gen_structural.gen_no_dsp48.gen_adder[0].split_adder_n/gen_adders[0].gen_carry.i_muxcy_1[0]
    SLICE_X12Y14         LUT3 (Prop_lut3_I2_O)        0.124     1.557 r  system_i/cic_1/U0/i_synth/decimator.decimation_filter/int/gen_stages[0].gen_unfolded.int_comb_stage/gen_split_accum[0].gen_sum_struct.gen_sum/gen_structural.gen_no_dsp48.gen_adder[0].split_adder_n/d_loc/O
                         net (fo=1, routed)           0.000     1.557    system_i/cic_1/U0/i_synth/decimator.decimation_filter/int/gen_stages[0].gen_unfolded.int_comb_stage/gen_split_accum[0].gen_sum_struct.gen_sum/gen_structural.gen_no_dsp48.gen_adder[0].split_adder_n/gen_adders[0].d_loc_reg
    SLICE_X12Y14         CARRY4 (Prop_carry4_S[1]_CO[3])
                                                      0.533     2.090 r  system_i/cic_1/U0/i_synth/decimator.decimation_filter/int/gen_stages[0].gen_unfolded.int_comb_stage/gen_split_accum[0].gen_sum_struct.gen_sum/gen_structural.gen_no_dsp48.gen_adder[0].split_adder_n/muxcy_bottom_CARRY4/CO[3]
                         net (fo=1, routed)           0.000     2.090    system_i/cic_1/U0/i_synth/decimator.decimation_filter/int/gen_stages[0].gen_unfolded.int_comb_stage/gen_split_accum[0].gen_sum_struct.gen_sum/gen_structural.gen_no_dsp48.gen_adder[0].split_adder_n/carry_int_3
    SLICE_X12Y15         CARRY4 (Prop_carry4_CI_CO[3])
                                                      0.117     2.207 r  system_i/cic_1/U0/i_synth/decimator.decimation_filter/int/gen_stages[0].gen_unfolded.int_comb_stage/gen_split_accum[0].gen_sum_struct.gen_sum/gen_structural.gen_no_dsp48.gen_adder[0].split_adder_n/gen_adders[3].gen_carry.i_muxcy_CARRY4/CO[3]
                         net (fo=1, routed)           0.000     2.207    system_i/cic_1/U0/i_synth/decimator.decimation_filter/int/gen_stages[0].gen_unfolded.int_comb_stage/gen_split_accum[0].gen_sum_struct.gen_sum/gen_structural.gen_no_dsp48.gen_adder[0].split_adder_n/carry_int_7
    SLICE_X12Y16         CARRY4 (Prop_carry4_CI_CO[3])
                                                      0.117     2.324 r  system_i/cic_1/U0/i_synth/decimator.decimation_filter/int/gen_stages[0].gen_unfolded.int_comb_stage/gen_split_accum[0].gen_sum_struct.gen_sum/gen_structural.gen_no_dsp48.gen_adder[0].split_adder_n/gen_adders[7].gen_carry.i_muxcy_CARRY4/CO[3]
                         net (fo=1, routed)           0.000     2.324    system_i/cic_1/U0/i_synth/decimator.decimation_filter/int/gen_stages[0].gen_unfolded.int_comb_stage/gen_split_accum[0].gen_sum_struct.gen_sum/gen_structural.gen_no_dsp48.gen_adder[0].split_adder_n/carry_int_11
    SLICE_X12Y17         CARRY4 (Prop_carry4_CI_CO[3])
                                                      0.117     2.441 r  system_i/cic_1/U0/i_synth/decimator.decimation_filter/int/gen_stages[0].gen_unfolded.int_comb_stage/gen_split_accum[0].gen_sum_struct.gen_sum/gen_structural.gen_no_dsp48.gen_adder[0].split_adder_n/gen_adders[11].gen_carry.i_muxcy_CARRY4/CO[3]
                         net (fo=1, routed)           0.000     2.441    system_i/cic_1/U0/i_synth/decimator.decimation_filter/int/gen_stages[0].gen_unfolded.int_comb_stage/gen_split_accum[0].gen_sum_struct.gen_sum/gen_structural.gen_no_dsp48.gen_adder[0].split_adder_n/carry_int_15
    SLICE_X12Y18         CARRY4 (Prop_carry4_CI_CO[3])
                                                      0.117     2.558 r  system_i/cic_1/U0/i_synth/decimator.decimation_filter/int/gen_stages[0].gen_unfolded.int_comb_stage/gen_split_accum[0].gen_sum_struct.gen_sum/gen_structural.gen_no_dsp48.gen_adder[0].split_adder_n/gen_adders[15].gen_carry.i_muxcy_CARRY4/CO[3]
                         net (fo=1, routed)           0.000     2.558    system_i/cic_1/U0/i_synth/decimator.decimation_filter/int/gen_stages[0].gen_unfolded.int_comb_stage/gen_split_accum[0].gen_sum_struct.gen_sum/gen_structural.gen_no_dsp48.gen_adder[0].split_adder_n/carry_int_19
    SLICE_X12Y19         CARRY4 (Prop_carry4_CI_CO[3])
                                                      0.117     2.675 r  system_i/cic_1/U0/i_synth/decimator.decimation_filter/int/gen_stages[0].gen_unfolded.int_comb_stage/gen_split_accum[0].gen_sum_struct.gen_sum/gen_structural.gen_no_dsp48.gen_adder[0].split_adder_n/gen_adders[19].gen_carry.i_muxcy_CARRY4/CO[3]
                         net (fo=1, routed)           0.000     2.675    system_i/cic_1/U0/i_synth/decimator.decimation_filter/int/gen_stages[0].gen_unfolded.int_comb_stage/gen_split_accum[0].gen_sum_struct.gen_sum/gen_structural.gen_no_dsp48.gen_adder[0].split_adder_n/carry_int_23
    SLICE_X12Y20         CARRY4 (Prop_carry4_CI_CO[3])
                                                      0.117     2.792 r  system_i/cic_1/U0/i_synth/decimator.decimation_filter/int/gen_stages[0].gen_unfolded.int_comb_stage/gen_split_accum[0].gen_sum_struct.gen_sum/gen_structural.gen_no_dsp48.gen_adder[0].split_adder_n/gen_adders[23].gen_carry.i_muxcy_CARRY4/CO[3]
                         net (fo=1, routed)           0.000     2.792    system_i/cic_1/U0/i_synth/decimator.decimation_filter/int/gen_stages[0].gen_unfolded.int_comb_stage/gen_split_accum[0].gen_sum_struct.gen_sum/gen_structural.gen_no_dsp48.gen_adder[0].split_adder_n/carry_int_27
    SLICE_X12Y21         CARRY4 (Prop_carry4_CI_CO[3])
                                                      0.117     2.909 r  system_i/cic_1/U0/i_synth/decimator.decimation_filter/int/gen_stages[0].gen_unfolded.int_comb_stage/gen_split_accum[0].gen_sum_struct.gen_sum/gen_structural.gen_no_dsp48.gen_adder[0].split_adder_n/gen_adders[27].gen_carry.i_muxcy_CARRY4/CO[3]
                         net (fo=1, routed)           0.000     2.909    system_i/cic_1/U0/i_synth/decimator.decimation_filter/int/gen_stages[0].gen_unfolded.int_comb_stage/gen_split_accum[0].gen_sum_struct.gen_sum/gen_structural.gen_no_dsp48.gen_adder[0].split_adder_n/carry_int_31
    SLICE_X12Y22         CARRY4 (Prop_carry4_CI_CO[3])
                                                      0.117     3.026 r  system_i/cic_1/U0/i_synth/decimator.decimation_filter/int/gen_stages[0].gen_unfolded.int_comb_stage/gen_split_accum[0].gen_sum_struct.gen_sum/gen_structural.gen_no_dsp48.gen_adder[0].split_adder_n/gen_adders[31].gen_carry.i_muxcy_CARRY4/CO[3]
                         net (fo=1, routed)           0.000     3.026    system_i/cic_1/U0/i_synth/decimator.decimation_filter/int/gen_stages[0].gen_unfolded.int_comb_stage/gen_split_accum[0].gen_sum_struct.gen_sum/gen_structural.gen_no_dsp48.gen_adder[0].split_adder_n/carry_int_35
    SLICE_X12Y23         CARRY4 (Prop_carry4_CI_CO[3])
                                                      0.117     3.143 r  system_i/cic_1/U0/i_synth/decimator.decimation_filter/int/gen_stages[0].gen_unfolded.int_comb_stage/gen_split_accum[0].gen_sum_struct.gen_sum/gen_structural.gen_no_dsp48.gen_adder[0].split_adder_n/gen_adders[35].gen_carry.i_muxcy_CARRY4/CO[3]
                         net (fo=1, routed)           0.000     3.143    system_i/cic_1/U0/i_synth/decimator.decimation_filter/int/gen_stages[0].gen_unfolded.int_comb_stage/gen_split_accum[0].gen_sum_struct.gen_sum/gen_structural.gen_no_dsp48.gen_adder[0].split_adder_n/carry_int_39
    SLICE_X12Y24         CARRY4 (Prop_carry4_CI_CO[3])
                                                      0.117     3.260 r  system_i/cic_1/U0/i_synth/decimator.decimation_filter/int/gen_stages[0].gen_unfolded.int_comb_stage/gen_split_accum[0].gen_sum_struct.gen_sum/gen_structural.gen_no_dsp48.gen_adder[0].split_adder_n/gen_adders[39].gen_carry.i_muxcy_CARRY4/CO[3]
                         net (fo=1, routed)           0.009     3.269    system_i/cic_1/U0/i_synth/decimator.decimation_filter/int/gen_stages[0].gen_unfolded.int_comb_stage/gen_split_accum[0].gen_sum_struct.gen_sum/gen_structural.gen_no_dsp48.gen_adder[0].split_adder_n/carry_int_43
    SLICE_X12Y25         CARRY4 (Prop_carry4_CI_CO[3])
                                                      0.117     3.386 r  system_i/cic_1/U0/i_synth/decimator.decimation_filter/int/gen_stages[0].gen_unfolded.int_comb_stage/gen_split_accum[0].gen_sum_struct.gen_sum/gen_structural.gen_no_dsp48.gen_adder[0].split_adder_n/gen_adders[43].gen_carry.i_muxcy_CARRY4/CO[3]
                         net (fo=1, routed)           0.000     3.386    system_i/cic_1/U0/i_synth/decimator.decimation_filter/int/gen_stages[0].gen_unfolded.int_comb_stage/gen_split_accum[0].gen_sum_struct.gen_sum/gen_structural.gen_no_dsp48.gen_adder[0].split_adder_n/carry_int_47
    SLICE_X12Y26         CARRY4 (Prop_carry4_CI_CO[3])
                                                      0.117     3.503 r  system_i/cic_1/U0/i_synth/decimator.decimation_filter/int/gen_stages[0].gen_unfolded.int_comb_stage/gen_split_accum[0].gen_sum_struct.gen_sum/gen_structural.gen_no_dsp48.gen_adder[0].split_adder_n/gen_adders[47].gen_carry.i_muxcy_CARRY4/CO[3]
                         net (fo=1, routed)           0.000     3.503    system_i/cic_1/U0/i_synth/decimator.decimation_filter/int/gen_stages[0].gen_unfolded.int_comb_stage/gen_split_accum[0].gen_sum_struct.gen_sum/gen_structural.gen_no_dsp48.gen_adder[0].split_adder_n/carry_int_51
    SLICE_X12Y27         CARRY4 (Prop_carry4_CI_CO[3])
                                                      0.117     3.620 r  system_i/cic_1/U0/i_synth/decimator.decimation_filter/int/gen_stages[0].gen_unfolded.int_comb_stage/gen_split_accum[0].gen_sum_struct.gen_sum/gen_structural.gen_no_dsp48.gen_adder[0].split_adder_n/gen_adders[51].gen_carry.i_muxcy_CARRY4/CO[3]
                         net (fo=1, routed)           0.000     3.620    system_i/cic_1/U0/i_synth/decimator.decimation_filter/int/gen_stages[0].gen_unfolded.int_comb_stage/gen_split_accum[0].gen_sum_struct.gen_sum/gen_structural.gen_no_dsp48.gen_adder[0].split_adder_n/carry_int_55
    SLICE_X12Y28         CARRY4 (Prop_carry4_CI_CO[3])
                                                      0.117     3.737 r  system_i/cic_1/U0/i_synth/decimator.decimation_filter/int/gen_stages[0].gen_unfolded.int_comb_stage/gen_split_accum[0].gen_sum_struct.gen_sum/gen_structural.gen_no_dsp48.gen_adder[0].split_adder_n/gen_adders[55].gen_carry.i_muxcy_CARRY4/CO[3]
                         net (fo=1, routed)           0.000     3.737    system_i/cic_1/U0/i_synth/decimator.decimation_filter/int/gen_stages[0].gen_unfolded.int_comb_stage/gen_split_accum[0].gen_sum_struct.gen_sum/gen_structural.gen_no_dsp48.gen_adder[0].split_adder_n/carry_int_59
    SLICE_X12Y29         CARRY4 (Prop_carry4_CI_CO[3])
                                                      0.117     3.854 r  system_i/cic_1/U0/i_synth/decimator.decimation_filter/int/gen_stages[0].gen_unfolded.int_comb_stage/gen_split_accum[0].gen_sum_struct.gen_sum/gen_structural.gen_no_dsp48.gen_adder[0].split_adder_n/gen_adders[59].gen_carry.i_muxcy_CARRY4/CO[3]
                         net (fo=1, routed)           0.000     3.854    system_i/cic_1/U0/i_synth/decimator.decimation_filter/int/gen_stages[0].gen_unfolded.int_comb_stage/gen_split_accum[0].gen_sum_struct.gen_sum/gen_structural.gen_no_dsp48.gen_adder[0].split_adder_n/carry_int_63
    SLICE_X12Y30         CARRY4 (Prop_carry4_CI_CO[3])
                                                      0.117     3.971 r  system_i/cic_1/U0/i_synth/decimator.decimation_filter/int/gen_stages[0].gen_unfolded.int_comb_stage/gen_split_accum[0].gen_sum_struct.gen_sum/gen_structural.gen_no_dsp48.gen_adder[0].split_adder_n/gen_adders[63].gen_carry.i_muxcy_CARRY4/CO[3]
                         net (fo=1, routed)           0.000     3.971    system_i/cic_1/U0/i_synth/decimator.decimation_filter/int/gen_stages[0].gen_unfolded.int_comb_stage/gen_split_accum[0].gen_sum_struct.gen_sum/gen_structural.gen_no_dsp48.gen_adder[0].split_adder_n/carry_int_67
    SLICE_X12Y31         CARRY4 (Prop_carry4_CI_CO[3])
                                                      0.117     4.088 r  system_i/cic_1/U0/i_synth/decimator.decimation_filter/int/gen_stages[0].gen_unfolded.int_comb_stage/gen_split_accum[0].gen_sum_struct.gen_sum/gen_structural.gen_no_dsp48.gen_adder[0].split_adder_n/gen_adders[67].gen_carry.i_muxcy_CARRY4/CO[3]
                         net (fo=1, routed)           0.000     4.088    system_i/cic_1/U0/i_synth/decimator.decimation_filter/int/gen_stages[0].gen_unfolded.int_comb_stage/gen_split_accum[0].gen_sum_struct.gen_sum/gen_structural.gen_no_dsp48.gen_adder[0].split_adder_n/carry_int_71
    SLICE_X12Y32         CARRY4 (Prop_carry4_CI_CO[3])
                                                      0.117     4.205 r  system_i/cic_1/U0/i_synth/decimator.decimation_filter/int/gen_stages[0].gen_unfolded.int_comb_stage/gen_split_accum[0].gen_sum_struct.gen_sum/gen_structural.gen_no_dsp48.gen_adder[0].split_adder_n/gen_adders[71].gen_carry.i_muxcy_CARRY4/CO[3]
                         net (fo=1, routed)           0.000     4.205    system_i/cic_1/U0/i_synth/decimator.decimation_filter/int/gen_stages[0].gen_unfolded.int_comb_stage/gen_split_accum[0].gen_sum_struct.gen_sum/gen_structural.gen_no_dsp48.gen_adder[0].split_adder_n/carry_int_75
    SLICE_X12Y33         CARRY4 (Prop_carry4_CI_CO[3])
                                                      0.117     4.322 r  system_i/cic_1/U0/i_synth/decimator.decimation_filter/int/gen_stages[0].gen_unfolded.int_comb_stage/gen_split_accum[0].gen_sum_struct.gen_sum/gen_structural.gen_no_dsp48.gen_adder[0].split_adder_n/gen_adders[75].gen_carry.i_muxcy_CARRY4/CO[3]
                         net (fo=1, routed)           0.000     4.322    system_i/cic_1/U0/i_synth/decimator.decimation_filter/int/gen_stages[0].gen_unfolded.int_comb_stage/gen_split_accum[0].gen_sum_struct.gen_sum/gen_structural.gen_no_dsp48.gen_adder[0].split_adder_n/carry_int_79
    SLICE_X12Y34         CARRY4 (Prop_carry4_CI_CO[3])
                                                      0.117     4.439 r  system_i/cic_1/U0/i_synth/decimator.decimation_filter/int/gen_stages[0].gen_unfolded.int_comb_stage/gen_split_accum[0].gen_sum_struct.gen_sum/gen_structural.gen_no_dsp48.gen_adder[0].split_adder_n/gen_adders[79].gen_carry.i_muxcy_CARRY4/CO[3]
                         net (fo=1, routed)           0.000     4.439    system_i/cic_1/U0/i_synth/decimator.decimation_filter/int/gen_stages[0].gen_unfolded.int_comb_stage/gen_split_accum[0].gen_sum_struct.gen_sum/gen_structural.gen_no_dsp48.gen_adder[0].split_adder_n/carry_int_83
    SLICE_X12Y35         CARRY4 (Prop_carry4_CI_O[2])
                                                      0.239     4.678 r  system_i/cic_1/U0/i_synth/decimator.decimation_filter/int/gen_stages[0].gen_unfolded.int_comb_stage/gen_split_accum[0].gen_sum_struct.gen_sum/gen_structural.gen_no_dsp48.gen_adder[0].split_adder_n/gen_adders[83].gen_carry.i_muxcy_CARRY4/O[2]
                         net (fo=1, routed)           0.000     4.678    system_i/cic_1/U0/i_synth/decimator.decimation_filter/int/gen_stages[0].gen_unfolded.int_comb_stage/gen_split_accum[0].gen_sum_struct.gen_sum/gen_structural.gen_no_dsp48.gen_adder[0].split_adder_n/d_int_85
    SLICE_X12Y35         FDRE                                         r  system_i/cic_1/U0/i_synth/decimator.decimation_filter/int/gen_stages[0].gen_unfolded.int_comb_stage/gen_split_accum[0].gen_sum_struct.gen_sum/gen_structural.gen_no_dsp48.gen_adder[0].split_adder_n/gen_adders[85].i_reg/D
  -------------------------------------------------------------------    -------------------

                         (clock clk_out1_system_pll_0_0 rise edge)
                                                      8.000     8.000 r  
    U18                                               0.000     8.000 r  adc_clk_p_i (IN)
                         net (fo=0)                   0.000     8.000    system_i/pll_0/inst/clk_in1_p
    U18                  IBUFDS (Prop_ibufds_I_O)     0.940     8.940 r  system_i/pll_0/inst/clkin1_ibufgds/O
                         net (fo=1, routed)           1.181    10.121    system_i/pll_0/inst/clk_in1_system_pll_0_0
    PLLE2_ADV_X0Y0       PLLE2_ADV (Prop_plle2_adv_CLKIN1_CLKOUT0)
                                                     -7.650     2.470 r  system_i/pll_0/inst/plle2_adv_inst/CLKOUT0
                         net (fo=1, routed)           1.594     4.065    system_i/pll_0/inst/clk_out1_system_pll_0_0
    BUFGCTRL_X0Y0        BUFG (Prop_bufg_I_O)         0.091     4.156 r  system_i/pll_0/inst/clkout1_buf/O
                         net (fo=3003, routed)        1.502     5.658    system_i/cic_1/U0/i_synth/decimator.decimation_filter/int/gen_stages[0].gen_unfolded.int_comb_stage/gen_split_accum[0].gen_sum_struct.gen_sum/gen_structural.gen_no_dsp48.gen_adder[0].split_adder_n/aclk
    SLICE_X12Y35         FDRE                                         r  system_i/cic_1/U0/i_synth/decimator.decimation_filter/int/gen_stages[0].gen_unfolded.int_comb_stage/gen_split_accum[0].gen_sum_struct.gen_sum/gen_structural.gen_no_dsp48.gen_adder[0].split_adder_n/gen_adders[85].i_reg/C
                         clock pessimism             -0.396     5.262    
                         clock uncertainty           -0.072     5.190    
    SLICE_X12Y35         FDRE (Setup_fdre_C_D)        0.109     5.299    system_i/cic_1/U0/i_synth/decimator.decimation_filter/int/gen_stages[0].gen_unfolded.int_comb_stage/gen_split_accum[0].gen_sum_struct.gen_sum/gen_structural.gen_no_dsp48.gen_adder[0].split_adder_n/gen_adders[85].i_reg
  -------------------------------------------------------------------
                         required time                          5.299    
                         arrival time                          -4.678    
  -------------------------------------------------------------------
                         slack                                  0.622    

Slack (MET) :             0.642ns  (required time - arrival time)
  Source:                 system_i/cic_1/U0/i_synth/decimator.decimation_filter/int/gen_stages[0].gen_unfolded.int_comb_stage/gen_split_accum[0].gen_sum_struct.opcode_reg[3]/C
                            (rising edge-triggered cell FDRE clocked by clk_out1_system_pll_0_0  {rise@0.000ns fall@4.000ns period=8.000ns})
  Destination:            system_i/cic_1/U0/i_synth/decimator.decimation_filter/int/gen_stages[0].gen_unfolded.int_comb_stage/gen_split_accum[0].gen_sum_struct.gen_sum/gen_structural.gen_no_dsp48.gen_adder[0].split_adder_n/gen_adders[83].i_reg/D
                            (rising edge-triggered cell FDRE clocked by clk_out1_system_pll_0_0  {rise@0.000ns fall@4.000ns period=8.000ns})
  Path Group:             clk_out1_system_pll_0_0
  Path Type:              Setup (Max at Slow Process Corner)
  Requirement:            8.000ns  (clk_out1_system_pll_0_0 rise@8.000ns - clk_out1_system_pll_0_0 rise@0.000ns)
  Data Path Delay:        7.377ns  (logic 3.672ns (49.773%)  route 3.705ns (50.227%))
  Logic Levels:           23  (CARRY4=22 LUT3=1)
  Clock Path Skew:        -0.018ns (DCD - SCD + CPR)
    Destination Clock Delay (DCD):    -2.342ns = ( 5.658 - 8.000 ) 
    Source Clock Delay      (SCD):    -2.720ns
    Clock Pessimism Removal (CPR):    -0.396ns
  Clock Uncertainty:      0.072ns  ((TSJ^2 + DJ^2)^1/2) / 2 + PE
    Total System Jitter     (TSJ):    0.071ns
    Discrete Jitter          (DJ):    0.125ns
    Phase Error              (PE):    0.000ns

    Location             Delay type                Incr(ns)  Path(ns)    Netlist Resource(s)
  -------------------------------------------------------------------    -------------------
                         (clock clk_out1_system_pll_0_0 rise edge)
                                                      0.000     0.000 r  
    U18                                               0.000     0.000 r  adc_clk_p_i (IN)
                         net (fo=0)                   0.000     0.000    system_i/pll_0/inst/clk_in1_p
    U18                  IBUFDS (Prop_ibufds_I_O)     0.983     0.983 r  system_i/pll_0/inst/clkin1_ibufgds/O
                         net (fo=1, routed)           1.306     2.289    system_i/pll_0/inst/clk_in1_system_pll_0_0
    PLLE2_ADV_X0Y0       PLLE2_ADV (Prop_plle2_adv_CLKIN1_CLKOUT0)
                                                     -8.533    -6.244 r  system_i/pll_0/inst/plle2_adv_inst/CLKOUT0
                         net (fo=1, routed)           1.754    -4.490    system_i/pll_0/inst/clk_out1_system_pll_0_0
    BUFGCTRL_X0Y0        BUFG (Prop_bufg_I_O)         0.101    -4.389 r  system_i/pll_0/inst/clkout1_buf/O
                         net (fo=3003, routed)        1.669    -2.720    system_i/cic_1/U0/i_synth/decimator.decimation_filter/int/gen_stages[0].gen_unfolded.int_comb_stage/aclk
    SLICE_X11Y30         FDRE                                         r  system_i/cic_1/U0/i_synth/decimator.decimation_filter/int/gen_stages[0].gen_unfolded.int_comb_stage/gen_split_accum[0].gen_sum_struct.opcode_reg[3]/C
  -------------------------------------------------------------------    -------------------
    SLICE_X11Y30         FDRE (Prop_fdre_C_Q)         0.456    -2.264 r  system_i/cic_1/U0/i_synth/decimator.decimation_filter/int/gen_stages[0].gen_unfolded.int_comb_stage/gen_split_accum[0].gen_sum_struct.opcode_reg[3]/Q
                         net (fo=173, routed)         3.696     1.433    system_i/cic_1/U0/i_synth/decimator.decimation_filter/int/gen_stages[0].gen_unfolded.int_comb_stage/gen_split_accum[0].gen_sum_struct.gen_sum/gen_structural.gen_no_dsp48.gen_adder[0].split_adder_n/gen_adders[0].gen_carry.i_muxcy_1[0]
    SLICE_X12Y14         LUT3 (Prop_lut3_I2_O)        0.124     1.557 r  system_i/cic_1/U0/i_synth/decimator.decimation_filter/int/gen_stages[0].gen_unfolded.int_comb_stage/gen_split_accum[0].gen_sum_struct.gen_sum/gen_structural.gen_no_dsp48.gen_adder[0].split_adder_n/d_loc/O
                         net (fo=1, routed)           0.000     1.557    system_i/cic_1/U0/i_synth/decimator.decimation_filter/int/gen_stages[0].gen_unfolded.int_comb_stage/gen_split_accum[0].gen_sum_struct.gen_sum/gen_structural.gen_no_dsp48.gen_adder[0].split_adder_n/gen_adders[0].d_loc_reg
    SLICE_X12Y14         CARRY4 (Prop_carry4_S[1]_CO[3])
                                                      0.533     2.090 r  system_i/cic_1/U0/i_synth/decimator.decimation_filter/int/gen_stages[0].gen_unfolded.int_comb_stage/gen_split_accum[0].gen_sum_struct.gen_sum/gen_structural.gen_no_dsp48.gen_adder[0].split_adder_n/muxcy_bottom_CARRY4/CO[3]
                         net (fo=1, routed)           0.000     2.090    system_i/cic_1/U0/i_synth/decimator.decimation_filter/int/gen_stages[0].gen_unfolded.int_comb_stage/gen_split_accum[0].gen_sum_struct.gen_sum/gen_structural.gen_no_dsp48.gen_adder[0].split_adder_n/carry_int_3
    SLICE_X12Y15         CARRY4 (Prop_carry4_CI_CO[3])
                                                      0.117     2.207 r  system_i/cic_1/U0/i_synth/decimator.decimation_filter/int/gen_stages[0].gen_unfolded.int_comb_stage/gen_split_accum[0].gen_sum_struct.gen_sum/gen_structural.gen_no_dsp48.gen_adder[0].split_adder_n/gen_adders[3].gen_carry.i_muxcy_CARRY4/CO[3]
                         net (fo=1, routed)           0.000     2.207    system_i/cic_1/U0/i_synth/decimator.decimation_filter/int/gen_stages[0].gen_unfolded.int_comb_stage/gen_split_accum[0].gen_sum_struct.gen_sum/gen_structural.gen_no_dsp48.gen_adder[0].split_adder_n/carry_int_7
    SLICE_X12Y16         CARRY4 (Prop_carry4_CI_CO[3])
                                                      0.117     2.324 r  system_i/cic_1/U0/i_synth/decimator.decimation_filter/int/gen_stages[0].gen_unfolded.int_comb_stage/gen_split_accum[0].gen_sum_struct.gen_sum/gen_structural.gen_no_dsp48.gen_adder[0].split_adder_n/gen_adders[7].gen_carry.i_muxcy_CARRY4/CO[3]
                         net (fo=1, routed)           0.000     2.324    system_i/cic_1/U0/i_synth/decimator.decimation_filter/int/gen_stages[0].gen_unfolded.int_comb_stage/gen_split_accum[0].gen_sum_struct.gen_sum/gen_structural.gen_no_dsp48.gen_adder[0].split_adder_n/carry_int_11
    SLICE_X12Y17         CARRY4 (Prop_carry4_CI_CO[3])
                                                      0.117     2.441 r  system_i/cic_1/U0/i_synth/decimator.decimation_filter/int/gen_stages[0].gen_unfolded.int_comb_stage/gen_split_accum[0].gen_sum_struct.gen_sum/gen_structural.gen_no_dsp48.gen_adder[0].split_adder_n/gen_adders[11].gen_carry.i_muxcy_CARRY4/CO[3]
                         net (fo=1, routed)           0.000     2.441    system_i/cic_1/U0/i_synth/decimator.decimation_filter/int/gen_stages[0].gen_unfolded.int_comb_stage/gen_split_accum[0].gen_sum_struct.gen_sum/gen_structural.gen_no_dsp48.gen_adder[0].split_adder_n/carry_int_15
    SLICE_X12Y18         CARRY4 (Prop_carry4_CI_CO[3])
                                                      0.117     2.558 r  system_i/cic_1/U0/i_synth/decimator.decimation_filter/int/gen_stages[0].gen_unfolded.int_comb_stage/gen_split_accum[0].gen_sum_struct.gen_sum/gen_structural.gen_no_dsp48.gen_adder[0].split_adder_n/gen_adders[15].gen_carry.i_muxcy_CARRY4/CO[3]
                         net (fo=1, routed)           0.000     2.558    system_i/cic_1/U0/i_synth/decimator.decimation_filter/int/gen_stages[0].gen_unfolded.int_comb_stage/gen_split_accum[0].gen_sum_struct.gen_sum/gen_structural.gen_no_dsp48.gen_adder[0].split_adder_n/carry_int_19
    SLICE_X12Y19         CARRY4 (Prop_carry4_CI_CO[3])
                                                      0.117     2.675 r  system_i/cic_1/U0/i_synth/decimator.decimation_filter/int/gen_stages[0].gen_unfolded.int_comb_stage/gen_split_accum[0].gen_sum_struct.gen_sum/gen_structural.gen_no_dsp48.gen_adder[0].split_adder_n/gen_adders[19].gen_carry.i_muxcy_CARRY4/CO[3]
                         net (fo=1, routed)           0.000     2.675    system_i/cic_1/U0/i_synth/decimator.decimation_filter/int/gen_stages[0].gen_unfolded.int_comb_stage/gen_split_accum[0].gen_sum_struct.gen_sum/gen_structural.gen_no_dsp48.gen_adder[0].split_adder_n/carry_int_23
    SLICE_X12Y20         CARRY4 (Prop_carry4_CI_CO[3])
                                                      0.117     2.792 r  system_i/cic_1/U0/i_synth/decimator.decimation_filter/int/gen_stages[0].gen_unfolded.int_comb_stage/gen_split_accum[0].gen_sum_struct.gen_sum/gen_structural.gen_no_dsp48.gen_adder[0].split_adder_n/gen_adders[23].gen_carry.i_muxcy_CARRY4/CO[3]
                         net (fo=1, routed)           0.000     2.792    system_i/cic_1/U0/i_synth/decimator.decimation_filter/int/gen_stages[0].gen_unfolded.int_comb_stage/gen_split_accum[0].gen_sum_struct.gen_sum/gen_structural.gen_no_dsp48.gen_adder[0].split_adder_n/carry_int_27
    SLICE_X12Y21         CARRY4 (Prop_carry4_CI_CO[3])
                                                      0.117     2.909 r  system_i/cic_1/U0/i_synth/decimator.decimation_filter/int/gen_stages[0].gen_unfolded.int_comb_stage/gen_split_accum[0].gen_sum_struct.gen_sum/gen_structural.gen_no_dsp48.gen_adder[0].split_adder_n/gen_adders[27].gen_carry.i_muxcy_CARRY4/CO[3]
                         net (fo=1, routed)           0.000     2.909    system_i/cic_1/U0/i_synth/decimator.decimation_filter/int/gen_stages[0].gen_unfolded.int_comb_stage/gen_split_accum[0].gen_sum_struct.gen_sum/gen_structural.gen_no_dsp48.gen_adder[0].split_adder_n/carry_int_31
    SLICE_X12Y22         CARRY4 (Prop_carry4_CI_CO[3])
                                                      0.117     3.026 r  system_i/cic_1/U0/i_synth/decimator.decimation_filter/int/gen_stages[0].gen_unfolded.int_comb_stage/gen_split_accum[0].gen_sum_struct.gen_sum/gen_structural.gen_no_dsp48.gen_adder[0].split_adder_n/gen_adders[31].gen_carry.i_muxcy_CARRY4/CO[3]
                         net (fo=1, routed)           0.000     3.026    system_i/cic_1/U0/i_synth/decimator.decimation_filter/int/gen_stages[0].gen_unfolded.int_comb_stage/gen_split_accum[0].gen_sum_struct.gen_sum/gen_structural.gen_no_dsp48.gen_adder[0].split_adder_n/carry_int_35
    SLICE_X12Y23         CARRY4 (Prop_carry4_CI_CO[3])
                                                      0.117     3.143 r  system_i/cic_1/U0/i_synth/decimator.decimation_filter/int/gen_stages[0].gen_unfolded.int_comb_stage/gen_split_accum[0].gen_sum_struct.gen_sum/gen_structural.gen_no_dsp48.gen_adder[0].split_adder_n/gen_adders[35].gen_carry.i_muxcy_CARRY4/CO[3]
                         net (fo=1, routed)           0.000     3.143    system_i/cic_1/U0/i_synth/decimator.decimation_filter/int/gen_stages[0].gen_unfolded.int_comb_stage/gen_split_accum[0].gen_sum_struct.gen_sum/gen_structural.gen_no_dsp48.gen_adder[0].split_adder_n/carry_int_39
    SLICE_X12Y24         CARRY4 (Prop_carry4_CI_CO[3])
                                                      0.117     3.260 r  system_i/cic_1/U0/i_synth/decimator.decimation_filter/int/gen_stages[0].gen_unfolded.int_comb_stage/gen_split_accum[0].gen_sum_struct.gen_sum/gen_structural.gen_no_dsp48.gen_adder[0].split_adder_n/gen_adders[39].gen_carry.i_muxcy_CARRY4/CO[3]
                         net (fo=1, routed)           0.009     3.269    system_i/cic_1/U0/i_synth/decimator.decimation_filter/int/gen_stages[0].gen_unfolded.int_comb_stage/gen_split_accum[0].gen_sum_struct.gen_sum/gen_structural.gen_no_dsp48.gen_adder[0].split_adder_n/carry_int_43
    SLICE_X12Y25         CARRY4 (Prop_carry4_CI_CO[3])
                                                      0.117     3.386 r  system_i/cic_1/U0/i_synth/decimator.decimation_filter/int/gen_stages[0].gen_unfolded.int_comb_stage/gen_split_accum[0].gen_sum_struct.gen_sum/gen_structural.gen_no_dsp48.gen_adder[0].split_adder_n/gen_adders[43].gen_carry.i_muxcy_CARRY4/CO[3]
                         net (fo=1, routed)           0.000     3.386    system_i/cic_1/U0/i_synth/decimator.decimation_filter/int/gen_stages[0].gen_unfolded.int_comb_stage/gen_split_accum[0].gen_sum_struct.gen_sum/gen_structural.gen_no_dsp48.gen_adder[0].split_adder_n/carry_int_47
    SLICE_X12Y26         CARRY4 (Prop_carry4_CI_CO[3])
                                                      0.117     3.503 r  system_i/cic_1/U0/i_synth/decimator.decimation_filter/int/gen_stages[0].gen_unfolded.int_comb_stage/gen_split_accum[0].gen_sum_struct.gen_sum/gen_structural.gen_no_dsp48.gen_adder[0].split_adder_n/gen_adders[47].gen_carry.i_muxcy_CARRY4/CO[3]
                         net (fo=1, routed)           0.000     3.503    system_i/cic_1/U0/i_synth/decimator.decimation_filter/int/gen_stages[0].gen_unfolded.int_comb_stage/gen_split_accum[0].gen_sum_struct.gen_sum/gen_structural.gen_no_dsp48.gen_adder[0].split_adder_n/carry_int_51
    SLICE_X12Y27         CARRY4 (Prop_carry4_CI_CO[3])
                                                      0.117     3.620 r  system_i/cic_1/U0/i_synth/decimator.decimation_filter/int/gen_stages[0].gen_unfolded.int_comb_stage/gen_split_accum[0].gen_sum_struct.gen_sum/gen_structural.gen_no_dsp48.gen_adder[0].split_adder_n/gen_adders[51].gen_carry.i_muxcy_CARRY4/CO[3]
                         net (fo=1, routed)           0.000     3.620    system_i/cic_1/U0/i_synth/decimator.decimation_filter/int/gen_stages[0].gen_unfolded.int_comb_stage/gen_split_accum[0].gen_sum_struct.gen_sum/gen_structural.gen_no_dsp48.gen_adder[0].split_adder_n/carry_int_55
    SLICE_X12Y28         CARRY4 (Prop_carry4_CI_CO[3])
                                                      0.117     3.737 r  system_i/cic_1/U0/i_synth/decimator.decimation_filter/int/gen_stages[0].gen_unfolded.int_comb_stage/gen_split_accum[0].gen_sum_struct.gen_sum/gen_structural.gen_no_dsp48.gen_adder[0].split_adder_n/gen_adders[55].gen_carry.i_muxcy_CARRY4/CO[3]
                         net (fo=1, routed)           0.000     3.737    system_i/cic_1/U0/i_synth/decimator.decimation_filter/int/gen_stages[0].gen_unfolded.int_comb_stage/gen_split_accum[0].gen_sum_struct.gen_sum/gen_structural.gen_no_dsp48.gen_adder[0].split_adder_n/carry_int_59
    SLICE_X12Y29         CARRY4 (Prop_carry4_CI_CO[3])
                                                      0.117     3.854 r  system_i/cic_1/U0/i_synth/decimator.decimation_filter/int/gen_stages[0].gen_unfolded.int_comb_stage/gen_split_accum[0].gen_sum_struct.gen_sum/gen_structural.gen_no_dsp48.gen_adder[0].split_adder_n/gen_adders[59].gen_carry.i_muxcy_CARRY4/CO[3]
                         net (fo=1, routed)           0.000     3.854    system_i/cic_1/U0/i_synth/decimator.decimation_filter/int/gen_stages[0].gen_unfolded.int_comb_stage/gen_split_accum[0].gen_sum_struct.gen_sum/gen_structural.gen_no_dsp48.gen_adder[0].split_adder_n/carry_int_63
    SLICE_X12Y30         CARRY4 (Prop_carry4_CI_CO[3])
                                                      0.117     3.971 r  system_i/cic_1/U0/i_synth/decimator.decimation_filter/int/gen_stages[0].gen_unfolded.int_comb_stage/gen_split_accum[0].gen_sum_struct.gen_sum/gen_structural.gen_no_dsp48.gen_adder[0].split_adder_n/gen_adders[63].gen_carry.i_muxcy_CARRY4/CO[3]
                         net (fo=1, routed)           0.000     3.971    system_i/cic_1/U0/i_synth/decimator.decimation_filter/int/gen_stages[0].gen_unfolded.int_comb_stage/gen_split_accum[0].gen_sum_struct.gen_sum/gen_structural.gen_no_dsp48.gen_adder[0].split_adder_n/carry_int_67
    SLICE_X12Y31         CARRY4 (Prop_carry4_CI_CO[3])
                                                      0.117     4.088 r  system_i/cic_1/U0/i_synth/decimator.decimation_filter/int/gen_stages[0].gen_unfolded.int_comb_stage/gen_split_accum[0].gen_sum_struct.gen_sum/gen_structural.gen_no_dsp48.gen_adder[0].split_adder_n/gen_adders[67].gen_carry.i_muxcy_CARRY4/CO[3]
                         net (fo=1, routed)           0.000     4.088    system_i/cic_1/U0/i_synth/decimator.decimation_filter/int/gen_stages[0].gen_unfolded.int_comb_stage/gen_split_accum[0].gen_sum_struct.gen_sum/gen_structural.gen_no_dsp48.gen_adder[0].split_adder_n/carry_int_71
    SLICE_X12Y32         CARRY4 (Prop_carry4_CI_CO[3])
                                                      0.117     4.205 r  system_i/cic_1/U0/i_synth/decimator.decimation_filter/int/gen_stages[0].gen_unfolded.int_comb_stage/gen_split_accum[0].gen_sum_struct.gen_sum/gen_structural.gen_no_dsp48.gen_adder[0].split_adder_n/gen_adders[71].gen_carry.i_muxcy_CARRY4/CO[3]
                         net (fo=1, routed)           0.000     4.205    system_i/cic_1/U0/i_synth/decimator.decimation_filter/int/gen_stages[0].gen_unfolded.int_comb_stage/gen_split_accum[0].gen_sum_struct.gen_sum/gen_structural.gen_no_dsp48.gen_adder[0].split_adder_n/carry_int_75
    SLICE_X12Y33         CARRY4 (Prop_carry4_CI_CO[3])
                                                      0.117     4.322 r  system_i/cic_1/U0/i_synth/decimator.decimation_filter/int/gen_stages[0].gen_unfolded.int_comb_stage/gen_split_accum[0].gen_sum_struct.gen_sum/gen_structural.gen_no_dsp48.gen_adder[0].split_adder_n/gen_adders[75].gen_carry.i_muxcy_CARRY4/CO[3]
                         net (fo=1, routed)           0.000     4.322    system_i/cic_1/U0/i_synth/decimator.decimation_filter/int/gen_stages[0].gen_unfolded.int_comb_stage/gen_split_accum[0].gen_sum_struct.gen_sum/gen_structural.gen_no_dsp48.gen_adder[0].split_adder_n/carry_int_79
    SLICE_X12Y34         CARRY4 (Prop_carry4_CI_CO[3])
                                                      0.117     4.439 r  system_i/cic_1/U0/i_synth/decimator.decimation_filter/int/gen_stages[0].gen_unfolded.int_comb_stage/gen_split_accum[0].gen_sum_struct.gen_sum/gen_structural.gen_no_dsp48.gen_adder[0].split_adder_n/gen_adders[79].gen_carry.i_muxcy_CARRY4/CO[3]
                         net (fo=1, routed)           0.000     4.439    system_i/cic_1/U0/i_synth/decimator.decimation_filter/int/gen_stages[0].gen_unfolded.int_comb_stage/gen_split_accum[0].gen_sum_struct.gen_sum/gen_structural.gen_no_dsp48.gen_adder[0].split_adder_n/carry_int_83
    SLICE_X12Y35         CARRY4 (Prop_carry4_CI_O[0])
                                                      0.219     4.658 r  system_i/cic_1/U0/i_synth/decimator.decimation_filter/int/gen_stages[0].gen_unfolded.int_comb_stage/gen_split_accum[0].gen_sum_struct.gen_sum/gen_structural.gen_no_dsp48.gen_adder[0].split_adder_n/gen_adders[83].gen_carry.i_muxcy_CARRY4/O[0]
                         net (fo=1, routed)           0.000     4.658    system_i/cic_1/U0/i_synth/decimator.decimation_filter/int/gen_stages[0].gen_unfolded.int_comb_stage/gen_split_accum[0].gen_sum_struct.gen_sum/gen_structural.gen_no_dsp48.gen_adder[0].split_adder_n/d_int_83
    SLICE_X12Y35         FDRE                                         r  system_i/cic_1/U0/i_synth/decimator.decimation_filter/int/gen_stages[0].gen_unfolded.int_comb_stage/gen_split_accum[0].gen_sum_struct.gen_sum/gen_structural.gen_no_dsp48.gen_adder[0].split_adder_n/gen_adders[83].i_reg/D
  -------------------------------------------------------------------    -------------------

                         (clock clk_out1_system_pll_0_0 rise edge)
                                                      8.000     8.000 r  
    U18                                               0.000     8.000 r  adc_clk_p_i (IN)
                         net (fo=0)                   0.000     8.000    system_i/pll_0/inst/clk_in1_p
    U18                  IBUFDS (Prop_ibufds_I_O)     0.940     8.940 r  system_i/pll_0/inst/clkin1_ibufgds/O
                         net (fo=1, routed)           1.181    10.121    system_i/pll_0/inst/clk_in1_system_pll_0_0
    PLLE2_ADV_X0Y0       PLLE2_ADV (Prop_plle2_adv_CLKIN1_CLKOUT0)
                                                     -7.650     2.470 r  system_i/pll_0/inst/plle2_adv_inst/CLKOUT0
                         net (fo=1, routed)           1.594     4.065    system_i/pll_0/inst/clk_out1_system_pll_0_0
    BUFGCTRL_X0Y0        BUFG (Prop_bufg_I_O)         0.091     4.156 r  system_i/pll_0/inst/clkout1_buf/O
                         net (fo=3003, routed)        1.502     5.658    system_i/cic_1/U0/i_synth/decimator.decimation_filter/int/gen_stages[0].gen_unfolded.int_comb_stage/gen_split_accum[0].gen_sum_struct.gen_sum/gen_structural.gen_no_dsp48.gen_adder[0].split_adder_n/aclk
    SLICE_X12Y35         FDRE                                         r  system_i/cic_1/U0/i_synth/decimator.decimation_filter/int/gen_stages[0].gen_unfolded.int_comb_stage/gen_split_accum[0].gen_sum_struct.gen_sum/gen_structural.gen_no_dsp48.gen_adder[0].split_adder_n/gen_adders[83].i_reg/C
                         clock pessimism             -0.396     5.262    
                         clock uncertainty           -0.072     5.190    
    SLICE_X12Y35         FDRE (Setup_fdre_C_D)        0.109     5.299    system_i/cic_1/U0/i_synth/decimator.decimation_filter/int/gen_stages[0].gen_unfolded.int_comb_stage/gen_split_accum[0].gen_sum_struct.gen_sum/gen_structural.gen_no_dsp48.gen_adder[0].split_adder_n/gen_adders[83].i_reg
  -------------------------------------------------------------------
                         required time                          5.299    
                         arrival time                          -4.658    
  -------------------------------------------------------------------
                         slack                                  0.642    

Slack (MET) :             0.654ns  (required time - arrival time)
  Source:                 system_i/cic_1/U0/i_synth/decimator.decimation_filter/int/gen_stages[0].gen_unfolded.int_comb_stage/gen_split_accum[0].gen_sum_struct.opcode_reg[3]/C
                            (rising edge-triggered cell FDRE clocked by clk_out1_system_pll_0_0  {rise@0.000ns fall@4.000ns period=8.000ns})
  Destination:            system_i/cic_1/U0/i_synth/decimator.decimation_filter/int/gen_stages[0].gen_unfolded.int_comb_stage/gen_split_accum[0].gen_sum_struct.gen_sum/gen_structural.gen_no_dsp48.gen_adder[0].split_adder_n/gen_adders[80].i_reg/D
                            (rising edge-triggered cell FDRE clocked by clk_out1_system_pll_0_0  {rise@0.000ns fall@4.000ns period=8.000ns})
  Path Group:             clk_out1_system_pll_0_0
  Path Type:              Setup (Max at Slow Process Corner)
  Requirement:            8.000ns  (clk_out1_system_pll_0_0 rise@8.000ns - clk_out1_system_pll_0_0 rise@0.000ns)
  Data Path Delay:        7.364ns  (logic 3.659ns (49.685%)  route 3.705ns (50.315%))
  Logic Levels:           22  (CARRY4=21 LUT3=1)
  Clock Path Skew:        -0.019ns (DCD - SCD + CPR)
    Destination Clock Delay (DCD):    -2.343ns = ( 5.657 - 8.000 ) 
    Source Clock Delay      (SCD):    -2.720ns
    Clock Pessimism Removal (CPR):    -0.396ns
  Clock Uncertainty:      0.072ns  ((TSJ^2 + DJ^2)^1/2) / 2 + PE
    Total System Jitter     (TSJ):    0.071ns
    Discrete Jitter          (DJ):    0.125ns
    Phase Error              (PE):    0.000ns

    Location             Delay type                Incr(ns)  Path(ns)    Netlist Resource(s)
  -------------------------------------------------------------------    -------------------
                         (clock clk_out1_system_pll_0_0 rise edge)
                                                      0.000     0.000 r  
    U18                                               0.000     0.000 r  adc_clk_p_i (IN)
                         net (fo=0)                   0.000     0.000    system_i/pll_0/inst/clk_in1_p
    U18                  IBUFDS (Prop_ibufds_I_O)     0.983     0.983 r  system_i/pll_0/inst/clkin1_ibufgds/O
                         net (fo=1, routed)           1.306     2.289    system_i/pll_0/inst/clk_in1_system_pll_0_0
    PLLE2_ADV_X0Y0       PLLE2_ADV (Prop_plle2_adv_CLKIN1_CLKOUT0)
                                                     -8.533    -6.244 r  system_i/pll_0/inst/plle2_adv_inst/CLKOUT0
                         net (fo=1, routed)           1.754    -4.490    system_i/pll_0/inst/clk_out1_system_pll_0_0
    BUFGCTRL_X0Y0        BUFG (Prop_bufg_I_O)         0.101    -4.389 r  system_i/pll_0/inst/clkout1_buf/O
                         net (fo=3003, routed)        1.669    -2.720    system_i/cic_1/U0/i_synth/decimator.decimation_filter/int/gen_stages[0].gen_unfolded.int_comb_stage/aclk
    SLICE_X11Y30         FDRE                                         r  system_i/cic_1/U0/i_synth/decimator.decimation_filter/int/gen_stages[0].gen_unfolded.int_comb_stage/gen_split_accum[0].gen_sum_struct.opcode_reg[3]/C
  -------------------------------------------------------------------    -------------------
    SLICE_X11Y30         FDRE (Prop_fdre_C_Q)         0.456    -2.264 r  system_i/cic_1/U0/i_synth/decimator.decimation_filter/int/gen_stages[0].gen_unfolded.int_comb_stage/gen_split_accum[0].gen_sum_struct.opcode_reg[3]/Q
                         net (fo=173, routed)         3.696     1.433    system_i/cic_1/U0/i_synth/decimator.decimation_filter/int/gen_stages[0].gen_unfolded.int_comb_stage/gen_split_accum[0].gen_sum_struct.gen_sum/gen_structural.gen_no_dsp48.gen_adder[0].split_adder_n/gen_adders[0].gen_carry.i_muxcy_1[0]
    SLICE_X12Y14         LUT3 (Prop_lut3_I2_O)        0.124     1.557 r  system_i/cic_1/U0/i_synth/decimator.decimation_filter/int/gen_stages[0].gen_unfolded.int_comb_stage/gen_split_accum[0].gen_sum_struct.gen_sum/gen_structural.gen_no_dsp48.gen_adder[0].split_adder_n/d_loc/O
                         net (fo=1, routed)           0.000     1.557    system_i/cic_1/U0/i_synth/decimator.decimation_filter/int/gen_stages[0].gen_unfolded.int_comb_stage/gen_split_accum[0].gen_sum_struct.gen_sum/gen_structural.gen_no_dsp48.gen_adder[0].split_adder_n/gen_adders[0].d_loc_reg
    SLICE_X12Y14         CARRY4 (Prop_carry4_S[1]_CO[3])
                                                      0.533     2.090 r  system_i/cic_1/U0/i_synth/decimator.decimation_filter/int/gen_stages[0].gen_unfolded.int_comb_stage/gen_split_accum[0].gen_sum_struct.gen_sum/gen_structural.gen_no_dsp48.gen_adder[0].split_adder_n/muxcy_bottom_CARRY4/CO[3]
                         net (fo=1, routed)           0.000     2.090    system_i/cic_1/U0/i_synth/decimator.decimation_filter/int/gen_stages[0].gen_unfolded.int_comb_stage/gen_split_accum[0].gen_sum_struct.gen_sum/gen_structural.gen_no_dsp48.gen_adder[0].split_adder_n/carry_int_3
    SLICE_X12Y15         CARRY4 (Prop_carry4_CI_CO[3])
                                                      0.117     2.207 r  system_i/cic_1/U0/i_synth/decimator.decimation_filter/int/gen_stages[0].gen_unfolded.int_comb_stage/gen_split_accum[0].gen_sum_struct.gen_sum/gen_structural.gen_no_dsp48.gen_adder[0].split_adder_n/gen_adders[3].gen_carry.i_muxcy_CARRY4/CO[3]
                         net (fo=1, routed)           0.000     2.207    system_i/cic_1/U0/i_synth/decimator.decimation_filter/int/gen_stages[0].gen_unfolded.int_comb_stage/gen_split_accum[0].gen_sum_struct.gen_sum/gen_structural.gen_no_dsp48.gen_adder[0].split_adder_n/carry_int_7
    SLICE_X12Y16         CARRY4 (Prop_carry4_CI_CO[3])
                                                      0.117     2.324 r  system_i/cic_1/U0/i_synth/decimator.decimation_filter/int/gen_stages[0].gen_unfolded.int_comb_stage/gen_split_accum[0].gen_sum_struct.gen_sum/gen_structural.gen_no_dsp48.gen_adder[0].split_adder_n/gen_adders[7].gen_carry.i_muxcy_CARRY4/CO[3]
                         net (fo=1, routed)           0.000     2.324    system_i/cic_1/U0/i_synth/decimator.decimation_filter/int/gen_stages[0].gen_unfolded.int_comb_stage/gen_split_accum[0].gen_sum_struct.gen_sum/gen_structural.gen_no_dsp48.gen_adder[0].split_adder_n/carry_int_11
    SLICE_X12Y17         CARRY4 (Prop_carry4_CI_CO[3])
                                                      0.117     2.441 r  system_i/cic_1/U0/i_synth/decimator.decimation_filter/int/gen_stages[0].gen_unfolded.int_comb_stage/gen_split_accum[0].gen_sum_struct.gen_sum/gen_structural.gen_no_dsp48.gen_adder[0].split_adder_n/gen_adders[11].gen_carry.i_muxcy_CARRY4/CO[3]
                         net (fo=1, routed)           0.000     2.441    system_i/cic_1/U0/i_synth/decimator.decimation_filter/int/gen_stages[0].gen_unfolded.int_comb_stage/gen_split_accum[0].gen_sum_struct.gen_sum/gen_structural.gen_no_dsp48.gen_adder[0].split_adder_n/carry_int_15
    SLICE_X12Y18         CARRY4 (Prop_carry4_CI_CO[3])
                                                      0.117     2.558 r  system_i/cic_1/U0/i_synth/decimator.decimation_filter/int/gen_stages[0].gen_unfolded.int_comb_stage/gen_split_accum[0].gen_sum_struct.gen_sum/gen_structural.gen_no_dsp48.gen_adder[0].split_adder_n/gen_adders[15].gen_carry.i_muxcy_CARRY4/CO[3]
                         net (fo=1, routed)           0.000     2.558    system_i/cic_1/U0/i_synth/decimator.decimation_filter/int/gen_stages[0].gen_unfolded.int_comb_stage/gen_split_accum[0].gen_sum_struct.gen_sum/gen_structural.gen_no_dsp48.gen_adder[0].split_adder_n/carry_int_19
    SLICE_X12Y19         CARRY4 (Prop_carry4_CI_CO[3])
                                                      0.117     2.675 r  system_i/cic_1/U0/i_synth/decimator.decimation_filter/int/gen_stages[0].gen_unfolded.int_comb_stage/gen_split_accum[0].gen_sum_struct.gen_sum/gen_structural.gen_no_dsp48.gen_adder[0].split_adder_n/gen_adders[19].gen_carry.i_muxcy_CARRY4/CO[3]
                         net (fo=1, routed)           0.000     2.675    system_i/cic_1/U0/i_synth/decimator.decimation_filter/int/gen_stages[0].gen_unfolded.int_comb_stage/gen_split_accum[0].gen_sum_struct.gen_sum/gen_structural.gen_no_dsp48.gen_adder[0].split_adder_n/carry_int_23
    SLICE_X12Y20         CARRY4 (Prop_carry4_CI_CO[3])
                                                      0.117     2.792 r  system_i/cic_1/U0/i_synth/decimator.decimation_filter/int/gen_stages[0].gen_unfolded.int_comb_stage/gen_split_accum[0].gen_sum_struct.gen_sum/gen_structural.gen_no_dsp48.gen_adder[0].split_adder_n/gen_adders[23].gen_carry.i_muxcy_CARRY4/CO[3]
                         net (fo=1, routed)           0.000     2.792    system_i/cic_1/U0/i_synth/decimator.decimation_filter/int/gen_stages[0].gen_unfolded.int_comb_stage/gen_split_accum[0].gen_sum_struct.gen_sum/gen_structural.gen_no_dsp48.gen_adder[0].split_adder_n/carry_int_27
    SLICE_X12Y21         CARRY4 (Prop_carry4_CI_CO[3])
                                                      0.117     2.909 r  system_i/cic_1/U0/i_synth/decimator.decimation_filter/int/gen_stages[0].gen_unfolded.int_comb_stage/gen_split_accum[0].gen_sum_struct.gen_sum/gen_structural.gen_no_dsp48.gen_adder[0].split_adder_n/gen_adders[27].gen_carry.i_muxcy_CARRY4/CO[3]
                         net (fo=1, routed)           0.000     2.909    system_i/cic_1/U0/i_synth/decimator.decimation_filter/int/gen_stages[0].gen_unfolded.int_comb_stage/gen_split_accum[0].gen_sum_struct.gen_sum/gen_structural.gen_no_dsp48.gen_adder[0].split_adder_n/carry_int_31
    SLICE_X12Y22         CARRY4 (Prop_carry4_CI_CO[3])
                                                      0.117     3.026 r  system_i/cic_1/U0/i_synth/decimator.decimation_filter/int/gen_stages[0].gen_unfolded.int_comb_stage/gen_split_accum[0].gen_sum_struct.gen_sum/gen_structural.gen_no_dsp48.gen_adder[0].split_adder_n/gen_adders[31].gen_carry.i_muxcy_CARRY4/CO[3]
                         net (fo=1, routed)           0.000     3.026    system_i/cic_1/U0/i_synth/decimator.decimation_filter/int/gen_stages[0].gen_unfolded.int_comb_stage/gen_split_accum[0].gen_sum_struct.gen_sum/gen_structural.gen_no_dsp48.gen_adder[0].split_adder_n/carry_int_35
    SLICE_X12Y23         CARRY4 (Prop_carry4_CI_CO[3])
                                                      0.117     3.143 r  system_i/cic_1/U0/i_synth/decimator.decimation_filter/int/gen_stages[0].gen_unfolded.int_comb_stage/gen_split_accum[0].gen_sum_struct.gen_sum/gen_structural.gen_no_dsp48.gen_adder[0].split_adder_n/gen_adders[35].gen_carry.i_muxcy_CARRY4/CO[3]
                         net (fo=1, routed)           0.000     3.143    system_i/cic_1/U0/i_synth/decimator.decimation_filter/int/gen_stages[0].gen_unfolded.int_comb_stage/gen_split_accum[0].gen_sum_struct.gen_sum/gen_structural.gen_no_dsp48.gen_adder[0].split_adder_n/carry_int_39
    SLICE_X12Y24         CARRY4 (Prop_carry4_CI_CO[3])
                                                      0.117     3.260 r  system_i/cic_1/U0/i_synth/decimator.decimation_filter/int/gen_stages[0].gen_unfolded.int_comb_stage/gen_split_accum[0].gen_sum_struct.gen_sum/gen_structural.gen_no_dsp48.gen_adder[0].split_adder_n/gen_adders[39].gen_carry.i_muxcy_CARRY4/CO[3]
                         net (fo=1, routed)           0.009     3.269    system_i/cic_1/U0/i_synth/decimator.decimation_filter/int/gen_stages[0].gen_unfolded.int_comb_stage/gen_split_accum[0].gen_sum_struct.gen_sum/gen_structural.gen_no_dsp48.gen_adder[0].split_adder_n/carry_int_43
    SLICE_X12Y25         CARRY4 (Prop_carry4_CI_CO[3])
                                                      0.117     3.386 r  system_i/cic_1/U0/i_synth/decimator.decimation_filter/int/gen_stages[0].gen_unfolded.int_comb_stage/gen_split_accum[0].gen_sum_struct.gen_sum/gen_structural.gen_no_dsp48.gen_adder[0].split_adder_n/gen_adders[43].gen_carry.i_muxcy_CARRY4/CO[3]
                         net (fo=1, routed)           0.000     3.386    system_i/cic_1/U0/i_synth/decimator.decimation_filter/int/gen_stages[0].gen_unfolded.int_comb_stage/gen_split_accum[0].gen_sum_struct.gen_sum/gen_structural.gen_no_dsp48.gen_adder[0].split_adder_n/carry_int_47
    SLICE_X12Y26         CARRY4 (Prop_carry4_CI_CO[3])
                                                      0.117     3.503 r  system_i/cic_1/U0/i_synth/decimator.decimation_filter/int/gen_stages[0].gen_unfolded.int_comb_stage/gen_split_accum[0].gen_sum_struct.gen_sum/gen_structural.gen_no_dsp48.gen_adder[0].split_adder_n/gen_adders[47].gen_carry.i_muxcy_CARRY4/CO[3]
                         net (fo=1, routed)           0.000     3.503    system_i/cic_1/U0/i_synth/decimator.decimation_filter/int/gen_stages[0].gen_unfolded.int_comb_stage/gen_split_accum[0].gen_sum_struct.gen_sum/gen_structural.gen_no_dsp48.gen_adder[0].split_adder_n/carry_int_51
    SLICE_X12Y27         CARRY4 (Prop_carry4_CI_CO[3])
                                                      0.117     3.620 r  system_i/cic_1/U0/i_synth/decimator.decimation_filter/int/gen_stages[0].gen_unfolded.int_comb_stage/gen_split_accum[0].gen_sum_struct.gen_sum/gen_structural.gen_no_dsp48.gen_adder[0].split_adder_n/gen_adders[51].gen_carry.i_muxcy_CARRY4/CO[3]
                         net (fo=1, routed)           0.000     3.620    system_i/cic_1/U0/i_synth/decimator.decimation_filter/int/gen_stages[0].gen_unfolded.int_comb_stage/gen_split_accum[0].gen_sum_struct.gen_sum/gen_structural.gen_no_dsp48.gen_adder[0].split_adder_n/carry_int_55
    SLICE_X12Y28         CARRY4 (Prop_carry4_CI_CO[3])
                                                      0.117     3.737 r  system_i/cic_1/U0/i_synth/decimator.decimation_filter/int/gen_stages[0].gen_unfolded.int_comb_stage/gen_split_accum[0].gen_sum_struct.gen_sum/gen_structural.gen_no_dsp48.gen_adder[0].split_adder_n/gen_adders[55].gen_carry.i_muxcy_CARRY4/CO[3]
                         net (fo=1, routed)           0.000     3.737    system_i/cic_1/U0/i_synth/decimator.decimation_filter/int/gen_stages[0].gen_unfolded.int_comb_stage/gen_split_accum[0].gen_sum_struct.gen_sum/gen_structural.gen_no_dsp48.gen_adder[0].split_adder_n/carry_int_59
    SLICE_X12Y29         CARRY4 (Prop_carry4_CI_CO[3])
                                                      0.117     3.854 r  system_i/cic_1/U0/i_synth/decimator.decimation_filter/int/gen_stages[0].gen_unfolded.int_comb_stage/gen_split_accum[0].gen_sum_struct.gen_sum/gen_structural.gen_no_dsp48.gen_adder[0].split_adder_n/gen_adders[59].gen_carry.i_muxcy_CARRY4/CO[3]
                         net (fo=1, routed)           0.000     3.854    system_i/cic_1/U0/i_synth/decimator.decimation_filter/int/gen_stages[0].gen_unfolded.int_comb_stage/gen_split_accum[0].gen_sum_struct.gen_sum/gen_structural.gen_no_dsp48.gen_adder[0].split_adder_n/carry_int_63
    SLICE_X12Y30         CARRY4 (Prop_carry4_CI_CO[3])
                                                      0.117     3.971 r  system_i/cic_1/U0/i_synth/decimator.decimation_filter/int/gen_stages[0].gen_unfolded.int_comb_stage/gen_split_accum[0].gen_sum_struct.gen_sum/gen_structural.gen_no_dsp48.gen_adder[0].split_adder_n/gen_adders[63].gen_carry.i_muxcy_CARRY4/CO[3]
                         net (fo=1, routed)           0.000     3.971    system_i/cic_1/U0/i_synth/decimator.decimation_filter/int/gen_stages[0].gen_unfolded.int_comb_stage/gen_split_accum[0].gen_sum_struct.gen_sum/gen_structural.gen_no_dsp48.gen_adder[0].split_adder_n/carry_int_67
    SLICE_X12Y31         CARRY4 (Prop_carry4_CI_CO[3])
                                                      0.117     4.088 r  system_i/cic_1/U0/i_synth/decimator.decimation_filter/int/gen_stages[0].gen_unfolded.int_comb_stage/gen_split_accum[0].gen_sum_struct.gen_sum/gen_structural.gen_no_dsp48.gen_adder[0].split_adder_n/gen_adders[67].gen_carry.i_muxcy_CARRY4/CO[3]
                         net (fo=1, routed)           0.000     4.088    system_i/cic_1/U0/i_synth/decimator.decimation_filter/int/gen_stages[0].gen_unfolded.int_comb_stage/gen_split_accum[0].gen_sum_struct.gen_sum/gen_structural.gen_no_dsp48.gen_adder[0].split_adder_n/carry_int_71
    SLICE_X12Y32         CARRY4 (Prop_carry4_CI_CO[3])
                                                      0.117     4.205 r  system_i/cic_1/U0/i_synth/decimator.decimation_filter/int/gen_stages[0].gen_unfolded.int_comb_stage/gen_split_accum[0].gen_sum_struct.gen_sum/gen_structural.gen_no_dsp48.gen_adder[0].split_adder_n/gen_adders[71].gen_carry.i_muxcy_CARRY4/CO[3]
                         net (fo=1, routed)           0.000     4.205    system_i/cic_1/U0/i_synth/decimator.decimation_filter/int/gen_stages[0].gen_unfolded.int_comb_stage/gen_split_accum[0].gen_sum_struct.gen_sum/gen_structural.gen_no_dsp48.gen_adder[0].split_adder_n/carry_int_75
    SLICE_X12Y33         CARRY4 (Prop_carry4_CI_CO[3])
                                                      0.117     4.322 r  system_i/cic_1/U0/i_synth/decimator.decimation_filter/int/gen_stages[0].gen_unfolded.int_comb_stage/gen_split_accum[0].gen_sum_struct.gen_sum/gen_structural.gen_no_dsp48.gen_adder[0].split_adder_n/gen_adders[75].gen_carry.i_muxcy_CARRY4/CO[3]
                         net (fo=1, routed)           0.000     4.322    system_i/cic_1/U0/i_synth/decimator.decimation_filter/int/gen_stages[0].gen_unfolded.int_comb_stage/gen_split_accum[0].gen_sum_struct.gen_sum/gen_structural.gen_no_dsp48.gen_adder[0].split_adder_n/carry_int_79
    SLICE_X12Y34         CARRY4 (Prop_carry4_CI_O[1])
                                                      0.323     4.645 r  system_i/cic_1/U0/i_synth/decimator.decimation_filter/int/gen_stages[0].gen_unfolded.int_comb_stage/gen_split_accum[0].gen_sum_struct.gen_sum/gen_structural.gen_no_dsp48.gen_adder[0].split_adder_n/gen_adders[79].gen_carry.i_muxcy_CARRY4/O[1]
                         net (fo=1, routed)           0.000     4.645    system_i/cic_1/U0/i_synth/decimator.decimation_filter/int/gen_stages[0].gen_unfolded.int_comb_stage/gen_split_accum[0].gen_sum_struct.gen_sum/gen_structural.gen_no_dsp48.gen_adder[0].split_adder_n/d_int_80
    SLICE_X12Y34         FDRE                                         r  system_i/cic_1/U0/i_synth/decimator.decimation_filter/int/gen_stages[0].gen_unfolded.int_comb_stage/gen_split_accum[0].gen_sum_struct.gen_sum/gen_structural.gen_no_dsp48.gen_adder[0].split_adder_n/gen_adders[80].i_reg/D
  -------------------------------------------------------------------    -------------------

                         (clock clk_out1_system_pll_0_0 rise edge)
                                                      8.000     8.000 r  
    U18                                               0.000     8.000 r  adc_clk_p_i (IN)
                         net (fo=0)                   0.000     8.000    system_i/pll_0/inst/clk_in1_p
    U18                  IBUFDS (Prop_ibufds_I_O)     0.940     8.940 r  system_i/pll_0/inst/clkin1_ibufgds/O
                         net (fo=1, routed)           1.181    10.121    system_i/pll_0/inst/clk_in1_system_pll_0_0
    PLLE2_ADV_X0Y0       PLLE2_ADV (Prop_plle2_adv_CLKIN1_CLKOUT0)
                                                     -7.650     2.470 r  system_i/pll_0/inst/plle2_adv_inst/CLKOUT0
                         net (fo=1, routed)           1.594     4.065    system_i/pll_0/inst/clk_out1_system_pll_0_0
    BUFGCTRL_X0Y0        BUFG (Prop_bufg_I_O)         0.091     4.156 r  system_i/pll_0/inst/clkout1_buf/O
                         net (fo=3003, routed)        1.501     5.657    system_i/cic_1/U0/i_synth/decimator.decimation_filter/int/gen_stages[0].gen_unfolded.int_comb_stage/gen_split_accum[0].gen_sum_struct.gen_sum/gen_structural.gen_no_dsp48.gen_adder[0].split_adder_n/aclk
    SLICE_X12Y34         FDRE                                         r  system_i/cic_1/U0/i_synth/decimator.decimation_filter/int/gen_stages[0].gen_unfolded.int_comb_stage/gen_split_accum[0].gen_sum_struct.gen_sum/gen_structural.gen_no_dsp48.gen_adder[0].split_adder_n/gen_adders[80].i_reg/C
                         clock pessimism             -0.396     5.261    
                         clock uncertainty           -0.072     5.189    
    SLICE_X12Y34         FDRE (Setup_fdre_C_D)        0.109     5.298    system_i/cic_1/U0/i_synth/decimator.decimation_filter/int/gen_stages[0].gen_unfolded.int_comb_stage/gen_split_accum[0].gen_sum_struct.gen_sum/gen_structural.gen_no_dsp48.gen_adder[0].split_adder_n/gen_adders[80].i_reg
  -------------------------------------------------------------------
                         required time                          5.298    
                         arrival time                          -4.645    
  -------------------------------------------------------------------
                         slack                                  0.654    

Slack (MET) :             0.662ns  (required time - arrival time)
  Source:                 system_i/cic_1/U0/i_synth/decimator.decimation_filter/int/gen_stages[0].gen_unfolded.int_comb_stage/gen_split_accum[0].gen_sum_struct.opcode_reg[3]/C
                            (rising edge-triggered cell FDRE clocked by clk_out1_system_pll_0_0  {rise@0.000ns fall@4.000ns period=8.000ns})
  Destination:            system_i/cic_1/U0/i_synth/decimator.decimation_filter/int/gen_stages[0].gen_unfolded.int_comb_stage/gen_split_accum[0].gen_sum_struct.gen_sum/gen_structural.gen_no_dsp48.gen_adder[0].split_adder_n/gen_adders[82].i_reg/D
                            (rising edge-triggered cell FDRE clocked by clk_out1_system_pll_0_0  {rise@0.000ns fall@4.000ns period=8.000ns})
  Path Group:             clk_out1_system_pll_0_0
  Path Type:              Setup (Max at Slow Process Corner)
  Requirement:            8.000ns  (clk_out1_system_pll_0_0 rise@8.000ns - clk_out1_system_pll_0_0 rise@0.000ns)
  Data Path Delay:        7.356ns  (logic 3.651ns (49.630%)  route 3.705ns (50.370%))
  Logic Levels:           22  (CARRY4=21 LUT3=1)
  Clock Path Skew:        -0.019ns (DCD - SCD + CPR)
    Destination Clock Delay (DCD):    -2.343ns = ( 5.657 - 8.000 ) 
    Source Clock Delay      (SCD):    -2.720ns
    Clock Pessimism Removal (CPR):    -0.396ns
  Clock Uncertainty:      0.072ns  ((TSJ^2 + DJ^2)^1/2) / 2 + PE
    Total System Jitter     (TSJ):    0.071ns
    Discrete Jitter          (DJ):    0.125ns
    Phase Error              (PE):    0.000ns

    Location             Delay type                Incr(ns)  Path(ns)    Netlist Resource(s)
  -------------------------------------------------------------------    -------------------
                         (clock clk_out1_system_pll_0_0 rise edge)
                                                      0.000     0.000 r  
    U18                                               0.000     0.000 r  adc_clk_p_i (IN)
                         net (fo=0)                   0.000     0.000    system_i/pll_0/inst/clk_in1_p
    U18                  IBUFDS (Prop_ibufds_I_O)     0.983     0.983 r  system_i/pll_0/inst/clkin1_ibufgds/O
                         net (fo=1, routed)           1.306     2.289    system_i/pll_0/inst/clk_in1_system_pll_0_0
    PLLE2_ADV_X0Y0       PLLE2_ADV (Prop_plle2_adv_CLKIN1_CLKOUT0)
                                                     -8.533    -6.244 r  system_i/pll_0/inst/plle2_adv_inst/CLKOUT0
                         net (fo=1, routed)           1.754    -4.490    system_i/pll_0/inst/clk_out1_system_pll_0_0
    BUFGCTRL_X0Y0        BUFG (Prop_bufg_I_O)         0.101    -4.389 r  system_i/pll_0/inst/clkout1_buf/O
                         net (fo=3003, routed)        1.669    -2.720    system_i/cic_1/U0/i_synth/decimator.decimation_filter/int/gen_stages[0].gen_unfolded.int_comb_stage/aclk
    SLICE_X11Y30         FDRE                                         r  system_i/cic_1/U0/i_synth/decimator.decimation_filter/int/gen_stages[0].gen_unfolded.int_comb_stage/gen_split_accum[0].gen_sum_struct.opcode_reg[3]/C
  -------------------------------------------------------------------    -------------------
    SLICE_X11Y30         FDRE (Prop_fdre_C_Q)         0.456    -2.264 r  system_i/cic_1/U0/i_synth/decimator.decimation_filter/int/gen_stages[0].gen_unfolded.int_comb_stage/gen_split_accum[0].gen_sum_struct.opcode_reg[3]/Q
                         net (fo=173, routed)         3.696     1.433    system_i/cic_1/U0/i_synth/decimator.decimation_filter/int/gen_stages[0].gen_unfolded.int_comb_stage/gen_split_accum[0].gen_sum_struct.gen_sum/gen_structural.gen_no_dsp48.gen_adder[0].split_adder_n/gen_adders[0].gen_carry.i_muxcy_1[0]
    SLICE_X12Y14         LUT3 (Prop_lut3_I2_O)        0.124     1.557 r  system_i/cic_1/U0/i_synth/decimator.decimation_filter/int/gen_stages[0].gen_unfolded.int_comb_stage/gen_split_accum[0].gen_sum_struct.gen_sum/gen_structural.gen_no_dsp48.gen_adder[0].split_adder_n/d_loc/O
                         net (fo=1, routed)           0.000     1.557    system_i/cic_1/U0/i_synth/decimator.decimation_filter/int/gen_stages[0].gen_unfolded.int_comb_stage/gen_split_accum[0].gen_sum_struct.gen_sum/gen_structural.gen_no_dsp48.gen_adder[0].split_adder_n/gen_adders[0].d_loc_reg
    SLICE_X12Y14         CARRY4 (Prop_carry4_S[1]_CO[3])
                                                      0.533     2.090 r  system_i/cic_1/U0/i_synth/decimator.decimation_filter/int/gen_stages[0].gen_unfolded.int_comb_stage/gen_split_accum[0].gen_sum_struct.gen_sum/gen_structural.gen_no_dsp48.gen_adder[0].split_adder_n/muxcy_bottom_CARRY4/CO[3]
                         net (fo=1, routed)           0.000     2.090    system_i/cic_1/U0/i_synth/decimator.decimation_filter/int/gen_stages[0].gen_unfolded.int_comb_stage/gen_split_accum[0].gen_sum_struct.gen_sum/gen_structural.gen_no_dsp48.gen_adder[0].split_adder_n/carry_int_3
    SLICE_X12Y15         CARRY4 (Prop_carry4_CI_CO[3])
                                                      0.117     2.207 r  system_i/cic_1/U0/i_synth/decimator.decimation_filter/int/gen_stages[0].gen_unfolded.int_comb_stage/gen_split_accum[0].gen_sum_struct.gen_sum/gen_structural.gen_no_dsp48.gen_adder[0].split_adder_n/gen_adders[3].gen_carry.i_muxcy_CARRY4/CO[3]
                         net (fo=1, routed)           0.000     2.207    system_i/cic_1/U0/i_synth/decimator.decimation_filter/int/gen_stages[0].gen_unfolded.int_comb_stage/gen_split_accum[0].gen_sum_struct.gen_sum/gen_structural.gen_no_dsp48.gen_adder[0].split_adder_n/carry_int_7
    SLICE_X12Y16         CARRY4 (Prop_carry4_CI_CO[3])
                                                      0.117     2.324 r  system_i/cic_1/U0/i_synth/decimator.decimation_filter/int/gen_stages[0].gen_unfolded.int_comb_stage/gen_split_accum[0].gen_sum_struct.gen_sum/gen_structural.gen_no_dsp48.gen_adder[0].split_adder_n/gen_adders[7].gen_carry.i_muxcy_CARRY4/CO[3]
                         net (fo=1, routed)           0.000     2.324    system_i/cic_1/U0/i_synth/decimator.decimation_filter/int/gen_stages[0].gen_unfolded.int_comb_stage/gen_split_accum[0].gen_sum_struct.gen_sum/gen_structural.gen_no_dsp48.gen_adder[0].split_adder_n/carry_int_11
    SLICE_X12Y17         CARRY4 (Prop_carry4_CI_CO[3])
                                                      0.117     2.441 r  system_i/cic_1/U0/i_synth/decimator.decimation_filter/int/gen_stages[0].gen_unfolded.int_comb_stage/gen_split_accum[0].gen_sum_struct.gen_sum/gen_structural.gen_no_dsp48.gen_adder[0].split_adder_n/gen_adders[11].gen_carry.i_muxcy_CARRY4/CO[3]
                         net (fo=1, routed)           0.000     2.441    system_i/cic_1/U0/i_synth/decimator.decimation_filter/int/gen_stages[0].gen_unfolded.int_comb_stage/gen_split_accum[0].gen_sum_struct.gen_sum/gen_structural.gen_no_dsp48.gen_adder[0].split_adder_n/carry_int_15
    SLICE_X12Y18         CARRY4 (Prop_carry4_CI_CO[3])
                                                      0.117     2.558 r  system_i/cic_1/U0/i_synth/decimator.decimation_filter/int/gen_stages[0].gen_unfolded.int_comb_stage/gen_split_accum[0].gen_sum_struct.gen_sum/gen_structural.gen_no_dsp48.gen_adder[0].split_adder_n/gen_adders[15].gen_carry.i_muxcy_CARRY4/CO[3]
                         net (fo=1, routed)           0.000     2.558    system_i/cic_1/U0/i_synth/decimator.decimation_filter/int/gen_stages[0].gen_unfolded.int_comb_stage/gen_split_accum[0].gen_sum_struct.gen_sum/gen_structural.gen_no_dsp48.gen_adder[0].split_adder_n/carry_int_19
    SLICE_X12Y19         CARRY4 (Prop_carry4_CI_CO[3])
                                                      0.117     2.675 r  system_i/cic_1/U0/i_synth/decimator.decimation_filter/int/gen_stages[0].gen_unfolded.int_comb_stage/gen_split_accum[0].gen_sum_struct.gen_sum/gen_structural.gen_no_dsp48.gen_adder[0].split_adder_n/gen_adders[19].gen_carry.i_muxcy_CARRY4/CO[3]
                         net (fo=1, routed)           0.000     2.675    system_i/cic_1/U0/i_synth/decimator.decimation_filter/int/gen_stages[0].gen_unfolded.int_comb_stage/gen_split_accum[0].gen_sum_struct.gen_sum/gen_structural.gen_no_dsp48.gen_adder[0].split_adder_n/carry_int_23
    SLICE_X12Y20         CARRY4 (Prop_carry4_CI_CO[3])
                                                      0.117     2.792 r  system_i/cic_1/U0/i_synth/decimator.decimation_filter/int/gen_stages[0].gen_unfolded.int_comb_stage/gen_split_accum[0].gen_sum_struct.gen_sum/gen_structural.gen_no_dsp48.gen_adder[0].split_adder_n/gen_adders[23].gen_carry.i_muxcy_CARRY4/CO[3]
                         net (fo=1, routed)           0.000     2.792    system_i/cic_1/U0/i_synth/decimator.decimation_filter/int/gen_stages[0].gen_unfolded.int_comb_stage/gen_split_accum[0].gen_sum_struct.gen_sum/gen_structural.gen_no_dsp48.gen_adder[0].split_adder_n/carry_int_27
    SLICE_X12Y21         CARRY4 (Prop_carry4_CI_CO[3])
                                                      0.117     2.909 r  system_i/cic_1/U0/i_synth/decimator.decimation_filter/int/gen_stages[0].gen_unfolded.int_comb_stage/gen_split_accum[0].gen_sum_struct.gen_sum/gen_structural.gen_no_dsp48.gen_adder[0].split_adder_n/gen_adders[27].gen_carry.i_muxcy_CARRY4/CO[3]
                         net (fo=1, routed)           0.000     2.909    system_i/cic_1/U0/i_synth/decimator.decimation_filter/int/gen_stages[0].gen_unfolded.int_comb_stage/gen_split_accum[0].gen_sum_struct.gen_sum/gen_structural.gen_no_dsp48.gen_adder[0].split_adder_n/carry_int_31
    SLICE_X12Y22         CARRY4 (Prop_carry4_CI_CO[3])
                                                      0.117     3.026 r  system_i/cic_1/U0/i_synth/decimator.decimation_filter/int/gen_stages[0].gen_unfolded.int_comb_stage/gen_split_accum[0].gen_sum_struct.gen_sum/gen_structural.gen_no_dsp48.gen_adder[0].split_adder_n/gen_adders[31].gen_carry.i_muxcy_CARRY4/CO[3]
                         net (fo=1, routed)           0.000     3.026    system_i/cic_1/U0/i_synth/decimator.decimation_filter/int/gen_stages[0].gen_unfolded.int_comb_stage/gen_split_accum[0].gen_sum_struct.gen_sum/gen_structural.gen_no_dsp48.gen_adder[0].split_adder_n/carry_int_35
    SLICE_X12Y23         CARRY4 (Prop_carry4_CI_CO[3])
                                                      0.117     3.143 r  system_i/cic_1/U0/i_synth/decimator.decimation_filter/int/gen_stages[0].gen_unfolded.int_comb_stage/gen_split_accum[0].gen_sum_struct.gen_sum/gen_structural.gen_no_dsp48.gen_adder[0].split_adder_n/gen_adders[35].gen_carry.i_muxcy_CARRY4/CO[3]
                         net (fo=1, routed)           0.000     3.143    system_i/cic_1/U0/i_synth/decimator.decimation_filter/int/gen_stages[0].gen_unfolded.int_comb_stage/gen_split_accum[0].gen_sum_struct.gen_sum/gen_structural.gen_no_dsp48.gen_adder[0].split_adder_n/carry_int_39
    SLICE_X12Y24         CARRY4 (Prop_carry4_CI_CO[3])
                                                      0.117     3.260 r  system_i/cic_1/U0/i_synth/decimator.decimation_filter/int/gen_stages[0].gen_unfolded.int_comb_stage/gen_split_accum[0].gen_sum_struct.gen_sum/gen_structural.gen_no_dsp48.gen_adder[0].split_adder_n/gen_adders[39].gen_carry.i_muxcy_CARRY4/CO[3]
                         net (fo=1, routed)           0.009     3.269    system_i/cic_1/U0/i_synth/decimator.decimation_filter/int/gen_stages[0].gen_unfolded.int_comb_stage/gen_split_accum[0].gen_sum_struct.gen_sum/gen_structural.gen_no_dsp48.gen_adder[0].split_adder_n/carry_int_43
    SLICE_X12Y25         CARRY4 (Prop_carry4_CI_CO[3])
                                                      0.117     3.386 r  system_i/cic_1/U0/i_synth/decimator.decimation_filter/int/gen_stages[0].gen_unfolded.int_comb_stage/gen_split_accum[0].gen_sum_struct.gen_sum/gen_structural.gen_no_dsp48.gen_adder[0].split_adder_n/gen_adders[43].gen_carry.i_muxcy_CARRY4/CO[3]
                         net (fo=1, routed)           0.000     3.386    system_i/cic_1/U0/i_synth/decimator.decimation_filter/int/gen_stages[0].gen_unfolded.int_comb_stage/gen_split_accum[0].gen_sum_struct.gen_sum/gen_structural.gen_no_dsp48.gen_adder[0].split_adder_n/carry_int_47
    SLICE_X12Y26         CARRY4 (Prop_carry4_CI_CO[3])
                                                      0.117     3.503 r  system_i/cic_1/U0/i_synth/decimator.decimation_filter/int/gen_stages[0].gen_unfolded.int_comb_stage/gen_split_accum[0].gen_sum_struct.gen_sum/gen_structural.gen_no_dsp48.gen_adder[0].split_adder_n/gen_adders[47].gen_carry.i_muxcy_CARRY4/CO[3]
                         net (fo=1, routed)           0.000     3.503    system_i/cic_1/U0/i_synth/decimator.decimation_filter/int/gen_stages[0].gen_unfolded.int_comb_stage/gen_split_accum[0].gen_sum_struct.gen_sum/gen_structural.gen_no_dsp48.gen_adder[0].split_adder_n/carry_int_51
    SLICE_X12Y27         CARRY4 (Prop_carry4_CI_CO[3])
                                                      0.117     3.620 r  system_i/cic_1/U0/i_synth/decimator.decimation_filter/int/gen_stages[0].gen_unfolded.int_comb_stage/gen_split_accum[0].gen_sum_struct.gen_sum/gen_structural.gen_no_dsp48.gen_adder[0].split_adder_n/gen_adders[51].gen_carry.i_muxcy_CARRY4/CO[3]
                         net (fo=1, routed)           0.000     3.620    system_i/cic_1/U0/i_synth/decimator.decimation_filter/int/gen_stages[0].gen_unfolded.int_comb_stage/gen_split_accum[0].gen_sum_struct.gen_sum/gen_structural.gen_no_dsp48.gen_adder[0].split_adder_n/carry_int_55
    SLICE_X12Y28         CARRY4 (Prop_carry4_CI_CO[3])
                                                      0.117     3.737 r  system_i/cic_1/U0/i_synth/decimator.decimation_filter/int/gen_stages[0].gen_unfolded.int_comb_stage/gen_split_accum[0].gen_sum_struct.gen_sum/gen_structural.gen_no_dsp48.gen_adder[0].split_adder_n/gen_adders[55].gen_carry.i_muxcy_CARRY4/CO[3]
                         net (fo=1, routed)           0.000     3.737    system_i/cic_1/U0/i_synth/decimator.decimation_filter/int/gen_stages[0].gen_unfolded.int_comb_stage/gen_split_accum[0].gen_sum_struct.gen_sum/gen_structural.gen_no_dsp48.gen_adder[0].split_adder_n/carry_int_59
    SLICE_X12Y29         CARRY4 (Prop_carry4_CI_CO[3])
                                                      0.117     3.854 r  system_i/cic_1/U0/i_synth/decimator.decimation_filter/int/gen_stages[0].gen_unfolded.int_comb_stage/gen_split_accum[0].gen_sum_struct.gen_sum/gen_structural.gen_no_dsp48.gen_adder[0].split_adder_n/gen_adders[59].gen_carry.i_muxcy_CARRY4/CO[3]
                         net (fo=1, routed)           0.000     3.854    system_i/cic_1/U0/i_synth/decimator.decimation_filter/int/gen_stages[0].gen_unfolded.int_comb_stage/gen_split_accum[0].gen_sum_struct.gen_sum/gen_structural.gen_no_dsp48.gen_adder[0].split_adder_n/carry_int_63
    SLICE_X12Y30         CARRY4 (Prop_carry4_CI_CO[3])
                                                      0.117     3.971 r  system_i/cic_1/U0/i_synth/decimator.decimation_filter/int/gen_stages[0].gen_unfolded.int_comb_stage/gen_split_accum[0].gen_sum_struct.gen_sum/gen_structural.gen_no_dsp48.gen_adder[0].split_adder_n/gen_adders[63].gen_carry.i_muxcy_CARRY4/CO[3]
                         net (fo=1, routed)           0.000     3.971    system_i/cic_1/U0/i_synth/decimator.decimation_filter/int/gen_stages[0].gen_unfolded.int_comb_stage/gen_split_accum[0].gen_sum_struct.gen_sum/gen_structural.gen_no_dsp48.gen_adder[0].split_adder_n/carry_int_67
    SLICE_X12Y31         CARRY4 (Prop_carry4_CI_CO[3])
                                                      0.117     4.088 r  system_i/cic_1/U0/i_synth/decimator.decimation_filter/int/gen_stages[0].gen_unfolded.int_comb_stage/gen_split_accum[0].gen_sum_struct.gen_sum/gen_structural.gen_no_dsp48.gen_adder[0].split_adder_n/gen_adders[67].gen_carry.i_muxcy_CARRY4/CO[3]
                         net (fo=1, routed)           0.000     4.088    system_i/cic_1/U0/i_synth/decimator.decimation_filter/int/gen_stages[0].gen_unfolded.int_comb_stage/gen_split_accum[0].gen_sum_struct.gen_sum/gen_structural.gen_no_dsp48.gen_adder[0].split_adder_n/carry_int_71
    SLICE_X12Y32         CARRY4 (Prop_carry4_CI_CO[3])
                                                      0.117     4.205 r  system_i/cic_1/U0/i_synth/decimator.decimation_filter/int/gen_stages[0].gen_unfolded.int_comb_stage/gen_split_accum[0].gen_sum_struct.gen_sum/gen_structural.gen_no_dsp48.gen_adder[0].split_adder_n/gen_adders[71].gen_carry.i_muxcy_CARRY4/CO[3]
                         net (fo=1, routed)           0.000     4.205    system_i/cic_1/U0/i_synth/decimator.decimation_filter/int/gen_stages[0].gen_unfolded.int_comb_stage/gen_split_accum[0].gen_sum_struct.gen_sum/gen_structural.gen_no_dsp48.gen_adder[0].split_adder_n/carry_int_75
    SLICE_X12Y33         CARRY4 (Prop_carry4_CI_CO[3])
                                                      0.117     4.322 r  system_i/cic_1/U0/i_synth/decimator.decimation_filter/int/gen_stages[0].gen_unfolded.int_comb_stage/gen_split_accum[0].gen_sum_struct.gen_sum/gen_structural.gen_no_dsp48.gen_adder[0].split_adder_n/gen_adders[75].gen_carry.i_muxcy_CARRY4/CO[3]
                         net (fo=1, routed)           0.000     4.322    system_i/cic_1/U0/i_synth/decimator.decimation_filter/int/gen_stages[0].gen_unfolded.int_comb_stage/gen_split_accum[0].gen_sum_struct.gen_sum/gen_structural.gen_no_dsp48.gen_adder[0].split_adder_n/carry_int_79
    SLICE_X12Y34         CARRY4 (Prop_carry4_CI_O[3])
                                                      0.315     4.637 r  system_i/cic_1/U0/i_synth/decimator.decimation_filter/int/gen_stages[0].gen_unfolded.int_comb_stage/gen_split_accum[0].gen_sum_struct.gen_sum/gen_structural.gen_no_dsp48.gen_adder[0].split_adder_n/gen_adders[79].gen_carry.i_muxcy_CARRY4/O[3]
                         net (fo=1, routed)           0.000     4.637    system_i/cic_1/U0/i_synth/decimator.decimation_filter/int/gen_stages[0].gen_unfolded.int_comb_stage/gen_split_accum[0].gen_sum_struct.gen_sum/gen_structural.gen_no_dsp48.gen_adder[0].split_adder_n/d_int_82
    SLICE_X12Y34         FDRE                                         r  system_i/cic_1/U0/i_synth/decimator.decimation_filter/int/gen_stages[0].gen_unfolded.int_comb_stage/gen_split_accum[0].gen_sum_struct.gen_sum/gen_structural.gen_no_dsp48.gen_adder[0].split_adder_n/gen_adders[82].i_reg/D
  -------------------------------------------------------------------    -------------------

                         (clock clk_out1_system_pll_0_0 rise edge)
                                                      8.000     8.000 r  
    U18                                               0.000     8.000 r  adc_clk_p_i (IN)
                         net (fo=0)                   0.000     8.000    system_i/pll_0/inst/clk_in1_p
    U18                  IBUFDS (Prop_ibufds_I_O)     0.940     8.940 r  system_i/pll_0/inst/clkin1_ibufgds/O
                         net (fo=1, routed)           1.181    10.121    system_i/pll_0/inst/clk_in1_system_pll_0_0
    PLLE2_ADV_X0Y0       PLLE2_ADV (Prop_plle2_adv_CLKIN1_CLKOUT0)
                                                     -7.650     2.470 r  system_i/pll_0/inst/plle2_adv_inst/CLKOUT0
                         net (fo=1, routed)           1.594     4.065    system_i/pll_0/inst/clk_out1_system_pll_0_0
    BUFGCTRL_X0Y0        BUFG (Prop_bufg_I_O)         0.091     4.156 r  system_i/pll_0/inst/clkout1_buf/O
                         net (fo=3003, routed)        1.501     5.657    system_i/cic_1/U0/i_synth/decimator.decimation_filter/int/gen_stages[0].gen_unfolded.int_comb_stage/gen_split_accum[0].gen_sum_struct.gen_sum/gen_structural.gen_no_dsp48.gen_adder[0].split_adder_n/aclk
    SLICE_X12Y34         FDRE                                         r  system_i/cic_1/U0/i_synth/decimator.decimation_filter/int/gen_stages[0].gen_unfolded.int_comb_stage/gen_split_accum[0].gen_sum_struct.gen_sum/gen_structural.gen_no_dsp48.gen_adder[0].split_adder_n/gen_adders[82].i_reg/C
                         clock pessimism             -0.396     5.261    
                         clock uncertainty           -0.072     5.189    
    SLICE_X12Y34         FDRE (Setup_fdre_C_D)        0.109     5.298    system_i/cic_1/U0/i_synth/decimator.decimation_filter/int/gen_stages[0].gen_unfolded.int_comb_stage/gen_split_accum[0].gen_sum_struct.gen_sum/gen_structural.gen_no_dsp48.gen_adder[0].split_adder_n/gen_adders[82].i_reg
  -------------------------------------------------------------------
                         required time                          5.298    
                         arrival time                          -4.637    
  -------------------------------------------------------------------
                         slack                                  0.662    

Slack (MET) :             0.738ns  (required time - arrival time)
  Source:                 system_i/cic_1/U0/i_synth/decimator.decimation_filter/int/gen_stages[0].gen_unfolded.int_comb_stage/gen_split_accum[0].gen_sum_struct.opcode_reg[3]/C
                            (rising edge-triggered cell FDRE clocked by clk_out1_system_pll_0_0  {rise@0.000ns fall@4.000ns period=8.000ns})
  Destination:            system_i/cic_1/U0/i_synth/decimator.decimation_filter/int/gen_stages[0].gen_unfolded.int_comb_stage/gen_split_accum[0].gen_sum_struct.gen_sum/gen_structural.gen_no_dsp48.gen_adder[0].split_adder_n/gen_adders[81].i_reg/D
                            (rising edge-triggered cell FDRE clocked by clk_out1_system_pll_0_0  {rise@0.000ns fall@4.000ns period=8.000ns})
  Path Group:             clk_out1_system_pll_0_0
  Path Type:              Setup (Max at Slow Process Corner)
  Requirement:            8.000ns  (clk_out1_system_pll_0_0 rise@8.000ns - clk_out1_system_pll_0_0 rise@0.000ns)
  Data Path Delay:        7.280ns  (logic 3.575ns (49.104%)  route 3.705ns (50.896%))
  Logic Levels:           22  (CARRY4=21 LUT3=1)
  Clock Path Skew:        -0.019ns (DCD - SCD + CPR)
    Destination Clock Delay (DCD):    -2.343ns = ( 5.657 - 8.000 ) 
    Source Clock Delay      (SCD):    -2.720ns
    Clock Pessimism Removal (CPR):    -0.396ns
  Clock Uncertainty:      0.072ns  ((TSJ^2 + DJ^2)^1/2) / 2 + PE
    Total System Jitter     (TSJ):    0.071ns
    Discrete Jitter          (DJ):    0.125ns
    Phase Error              (PE):    0.000ns

    Location             Delay type                Incr(ns)  Path(ns)    Netlist Resource(s)
  -------------------------------------------------------------------    -------------------
                         (clock clk_out1_system_pll_0_0 rise edge)
                                                      0.000     0.000 r  
    U18                                               0.000     0.000 r  adc_clk_p_i (IN)
                         net (fo=0)                   0.000     0.000    system_i/pll_0/inst/clk_in1_p
    U18                  IBUFDS (Prop_ibufds_I_O)     0.983     0.983 r  system_i/pll_0/inst/clkin1_ibufgds/O
                         net (fo=1, routed)           1.306     2.289    system_i/pll_0/inst/clk_in1_system_pll_0_0
    PLLE2_ADV_X0Y0       PLLE2_ADV (Prop_plle2_adv_CLKIN1_CLKOUT0)
                                                     -8.533    -6.244 r  system_i/pll_0/inst/plle2_adv_inst/CLKOUT0
                         net (fo=1, routed)           1.754    -4.490    system_i/pll_0/inst/clk_out1_system_pll_0_0
    BUFGCTRL_X0Y0        BUFG (Prop_bufg_I_O)         0.101    -4.389 r  system_i/pll_0/inst/clkout1_buf/O
                         net (fo=3003, routed)        1.669    -2.720    system_i/cic_1/U0/i_synth/decimator.decimation_filter/int/gen_stages[0].gen_unfolded.int_comb_stage/aclk
    SLICE_X11Y30         FDRE                                         r  system_i/cic_1/U0/i_synth/decimator.decimation_filter/int/gen_stages[0].gen_unfolded.int_comb_stage/gen_split_accum[0].gen_sum_struct.opcode_reg[3]/C
  -------------------------------------------------------------------    -------------------
    SLICE_X11Y30         FDRE (Prop_fdre_C_Q)         0.456    -2.264 r  system_i/cic_1/U0/i_synth/decimator.decimation_filter/int/gen_stages[0].gen_unfolded.int_comb_stage/gen_split_accum[0].gen_sum_struct.opcode_reg[3]/Q
                         net (fo=173, routed)         3.696     1.433    system_i/cic_1/U0/i_synth/decimator.decimation_filter/int/gen_stages[0].gen_unfolded.int_comb_stage/gen_split_accum[0].gen_sum_struct.gen_sum/gen_structural.gen_no_dsp48.gen_adder[0].split_adder_n/gen_adders[0].gen_carry.i_muxcy_1[0]
    SLICE_X12Y14         LUT3 (Prop_lut3_I2_O)        0.124     1.557 r  system_i/cic_1/U0/i_synth/decimator.decimation_filter/int/gen_stages[0].gen_unfolded.int_comb_stage/gen_split_accum[0].gen_sum_struct.gen_sum/gen_structural.gen_no_dsp48.gen_adder[0].split_adder_n/d_loc/O
                         net (fo=1, routed)           0.000     1.557    system_i/cic_1/U0/i_synth/decimator.decimation_filter/int/gen_stages[0].gen_unfolded.int_comb_stage/gen_split_accum[0].gen_sum_struct.gen_sum/gen_structural.gen_no_dsp48.gen_adder[0].split_adder_n/gen_adders[0].d_loc_reg
    SLICE_X12Y14         CARRY4 (Prop_carry4_S[1]_CO[3])
                                                      0.533     2.090 r  system_i/cic_1/U0/i_synth/decimator.decimation_filter/int/gen_stages[0].gen_unfolded.int_comb_stage/gen_split_accum[0].gen_sum_struct.gen_sum/gen_structural.gen_no_dsp48.gen_adder[0].split_adder_n/muxcy_bottom_CARRY4/CO[3]
                         net (fo=1, routed)           0.000     2.090    system_i/cic_1/U0/i_synth/decimator.decimation_filter/int/gen_stages[0].gen_unfolded.int_comb_stage/gen_split_accum[0].gen_sum_struct.gen_sum/gen_structural.gen_no_dsp48.gen_adder[0].split_adder_n/carry_int_3
    SLICE_X12Y15         CARRY4 (Prop_carry4_CI_CO[3])
                                                      0.117     2.207 r  system_i/cic_1/U0/i_synth/decimator.decimation_filter/int/gen_stages[0].gen_unfolded.int_comb_stage/gen_split_accum[0].gen_sum_struct.gen_sum/gen_structural.gen_no_dsp48.gen_adder[0].split_adder_n/gen_adders[3].gen_carry.i_muxcy_CARRY4/CO[3]
                         net (fo=1, routed)           0.000     2.207    system_i/cic_1/U0/i_synth/decimator.decimation_filter/int/gen_stages[0].gen_unfolded.int_comb_stage/gen_split_accum[0].gen_sum_struct.gen_sum/gen_structural.gen_no_dsp48.gen_adder[0].split_adder_n/carry_int_7
    SLICE_X12Y16         CARRY4 (Prop_carry4_CI_CO[3])
                                                      0.117     2.324 r  system_i/cic_1/U0/i_synth/decimator.decimation_filter/int/gen_stages[0].gen_unfolded.int_comb_stage/gen_split_accum[0].gen_sum_struct.gen_sum/gen_structural.gen_no_dsp48.gen_adder[0].split_adder_n/gen_adders[7].gen_carry.i_muxcy_CARRY4/CO[3]
                         net (fo=1, routed)           0.000     2.324    system_i/cic_1/U0/i_synth/decimator.decimation_filter/int/gen_stages[0].gen_unfolded.int_comb_stage/gen_split_accum[0].gen_sum_struct.gen_sum/gen_structural.gen_no_dsp48.gen_adder[0].split_adder_n/carry_int_11
    SLICE_X12Y17         CARRY4 (Prop_carry4_CI_CO[3])
                                                      0.117     2.441 r  system_i/cic_1/U0/i_synth/decimator.decimation_filter/int/gen_stages[0].gen_unfolded.int_comb_stage/gen_split_accum[0].gen_sum_struct.gen_sum/gen_structural.gen_no_dsp48.gen_adder[0].split_adder_n/gen_adders[11].gen_carry.i_muxcy_CARRY4/CO[3]
                         net (fo=1, routed)           0.000     2.441    system_i/cic_1/U0/i_synth/decimator.decimation_filter/int/gen_stages[0].gen_unfolded.int_comb_stage/gen_split_accum[0].gen_sum_struct.gen_sum/gen_structural.gen_no_dsp48.gen_adder[0].split_adder_n/carry_int_15
    SLICE_X12Y18         CARRY4 (Prop_carry4_CI_CO[3])
                                                      0.117     2.558 r  system_i/cic_1/U0/i_synth/decimator.decimation_filter/int/gen_stages[0].gen_unfolded.int_comb_stage/gen_split_accum[0].gen_sum_struct.gen_sum/gen_structural.gen_no_dsp48.gen_adder[0].split_adder_n/gen_adders[15].gen_carry.i_muxcy_CARRY4/CO[3]
                         net (fo=1, routed)           0.000     2.558    system_i/cic_1/U0/i_synth/decimator.decimation_filter/int/gen_stages[0].gen_unfolded.int_comb_stage/gen_split_accum[0].gen_sum_struct.gen_sum/gen_structural.gen_no_dsp48.gen_adder[0].split_adder_n/carry_int_19
    SLICE_X12Y19         CARRY4 (Prop_carry4_CI_CO[3])
                                                      0.117     2.675 r  system_i/cic_1/U0/i_synth/decimator.decimation_filter/int/gen_stages[0].gen_unfolded.int_comb_stage/gen_split_accum[0].gen_sum_struct.gen_sum/gen_structural.gen_no_dsp48.gen_adder[0].split_adder_n/gen_adders[19].gen_carry.i_muxcy_CARRY4/CO[3]
                         net (fo=1, routed)           0.000     2.675    system_i/cic_1/U0/i_synth/decimator.decimation_filter/int/gen_stages[0].gen_unfolded.int_comb_stage/gen_split_accum[0].gen_sum_struct.gen_sum/gen_structural.gen_no_dsp48.gen_adder[0].split_adder_n/carry_int_23
    SLICE_X12Y20         CARRY4 (Prop_carry4_CI_CO[3])
                                                      0.117     2.792 r  system_i/cic_1/U0/i_synth/decimator.decimation_filter/int/gen_stages[0].gen_unfolded.int_comb_stage/gen_split_accum[0].gen_sum_struct.gen_sum/gen_structural.gen_no_dsp48.gen_adder[0].split_adder_n/gen_adders[23].gen_carry.i_muxcy_CARRY4/CO[3]
                         net (fo=1, routed)           0.000     2.792    system_i/cic_1/U0/i_synth/decimator.decimation_filter/int/gen_stages[0].gen_unfolded.int_comb_stage/gen_split_accum[0].gen_sum_struct.gen_sum/gen_structural.gen_no_dsp48.gen_adder[0].split_adder_n/carry_int_27
    SLICE_X12Y21         CARRY4 (Prop_carry4_CI_CO[3])
                                                      0.117     2.909 r  system_i/cic_1/U0/i_synth/decimator.decimation_filter/int/gen_stages[0].gen_unfolded.int_comb_stage/gen_split_accum[0].gen_sum_struct.gen_sum/gen_structural.gen_no_dsp48.gen_adder[0].split_adder_n/gen_adders[27].gen_carry.i_muxcy_CARRY4/CO[3]
                         net (fo=1, routed)           0.000     2.909    system_i/cic_1/U0/i_synth/decimator.decimation_filter/int/gen_stages[0].gen_unfolded.int_comb_stage/gen_split_accum[0].gen_sum_struct.gen_sum/gen_structural.gen_no_dsp48.gen_adder[0].split_adder_n/carry_int_31
    SLICE_X12Y22         CARRY4 (Prop_carry4_CI_CO[3])
                                                      0.117     3.026 r  system_i/cic_1/U0/i_synth/decimator.decimation_filter/int/gen_stages[0].gen_unfolded.int_comb_stage/gen_split_accum[0].gen_sum_struct.gen_sum/gen_structural.gen_no_dsp48.gen_adder[0].split_adder_n/gen_adders[31].gen_carry.i_muxcy_CARRY4/CO[3]
                         net (fo=1, routed)           0.000     3.026    system_i/cic_1/U0/i_synth/decimator.decimation_filter/int/gen_stages[0].gen_unfolded.int_comb_stage/gen_split_accum[0].gen_sum_struct.gen_sum/gen_structural.gen_no_dsp48.gen_adder[0].split_adder_n/carry_int_35
    SLICE_X12Y23         CARRY4 (Prop_carry4_CI_CO[3])
                                                      0.117     3.143 r  system_i/cic_1/U0/i_synth/decimator.decimation_filter/int/gen_stages[0].gen_unfolded.int_comb_stage/gen_split_accum[0].gen_sum_struct.gen_sum/gen_structural.gen_no_dsp48.gen_adder[0].split_adder_n/gen_adders[35].gen_carry.i_muxcy_CARRY4/CO[3]
                         net (fo=1, routed)           0.000     3.143    system_i/cic_1/U0/i_synth/decimator.decimation_filter/int/gen_stages[0].gen_unfolded.int_comb_stage/gen_split_accum[0].gen_sum_struct.gen_sum/gen_structural.gen_no_dsp48.gen_adder[0].split_adder_n/carry_int_39
    SLICE_X12Y24         CARRY4 (Prop_carry4_CI_CO[3])
                                                      0.117     3.260 r  system_i/cic_1/U0/i_synth/decimator.decimation_filter/int/gen_stages[0].gen_unfolded.int_comb_stage/gen_split_accum[0].gen_sum_struct.gen_sum/gen_structural.gen_no_dsp48.gen_adder[0].split_adder_n/gen_adders[39].gen_carry.i_muxcy_CARRY4/CO[3]
                         net (fo=1, routed)           0.009     3.269    system_i/cic_1/U0/i_synth/decimator.decimation_filter/int/gen_stages[0].gen_unfolded.int_comb_stage/gen_split_accum[0].gen_sum_struct.gen_sum/gen_structural.gen_no_dsp48.gen_adder[0].split_adder_n/carry_int_43
    SLICE_X12Y25         CARRY4 (Prop_carry4_CI_CO[3])
                                                      0.117     3.386 r  system_i/cic_1/U0/i_synth/decimator.decimation_filter/int/gen_stages[0].gen_unfolded.int_comb_stage/gen_split_accum[0].gen_sum_struct.gen_sum/gen_structural.gen_no_dsp48.gen_adder[0].split_adder_n/gen_adders[43].gen_carry.i_muxcy_CARRY4/CO[3]
                         net (fo=1, routed)           0.000     3.386    system_i/cic_1/U0/i_synth/decimator.decimation_filter/int/gen_stages[0].gen_unfolded.int_comb_stage/gen_split_accum[0].gen_sum_struct.gen_sum/gen_structural.gen_no_dsp48.gen_adder[0].split_adder_n/carry_int_47
    SLICE_X12Y26         CARRY4 (Prop_carry4_CI_CO[3])
                                                      0.117     3.503 r  system_i/cic_1/U0/i_synth/decimator.decimation_filter/int/gen_stages[0].gen_unfolded.int_comb_stage/gen_split_accum[0].gen_sum_struct.gen_sum/gen_structural.gen_no_dsp48.gen_adder[0].split_adder_n/gen_adders[47].gen_carry.i_muxcy_CARRY4/CO[3]
                         net (fo=1, routed)           0.000     3.503    system_i/cic_1/U0/i_synth/decimator.decimation_filter/int/gen_stages[0].gen_unfolded.int_comb_stage/gen_split_accum[0].gen_sum_struct.gen_sum/gen_structural.gen_no_dsp48.gen_adder[0].split_adder_n/carry_int_51
    SLICE_X12Y27         CARRY4 (Prop_carry4_CI_CO[3])
                                                      0.117     3.620 r  system_i/cic_1/U0/i_synth/decimator.decimation_filter/int/gen_stages[0].gen_unfolded.int_comb_stage/gen_split_accum[0].gen_sum_struct.gen_sum/gen_structural.gen_no_dsp48.gen_adder[0].split_adder_n/gen_adders[51].gen_carry.i_muxcy_CARRY4/CO[3]
                         net (fo=1, routed)           0.000     3.620    system_i/cic_1/U0/i_synth/decimator.decimation_filter/int/gen_stages[0].gen_unfolded.int_comb_stage/gen_split_accum[0].gen_sum_struct.gen_sum/gen_structural.gen_no_dsp48.gen_adder[0].split_adder_n/carry_int_55
    SLICE_X12Y28         CARRY4 (Prop_carry4_CI_CO[3])
                                                      0.117     3.737 r  system_i/cic_1/U0/i_synth/decimator.decimation_filter/int/gen_stages[0].gen_unfolded.int_comb_stage/gen_split_accum[0].gen_sum_struct.gen_sum/gen_structural.gen_no_dsp48.gen_adder[0].split_adder_n/gen_adders[55].gen_carry.i_muxcy_CARRY4/CO[3]
                         net (fo=1, routed)           0.000     3.737    system_i/cic_1/U0/i_synth/decimator.decimation_filter/int/gen_stages[0].gen_unfolded.int_comb_stage/gen_split_accum[0].gen_sum_struct.gen_sum/gen_structural.gen_no_dsp48.gen_adder[0].split_adder_n/carry_int_59
    SLICE_X12Y29         CARRY4 (Prop_carry4_CI_CO[3])
                                                      0.117     3.854 r  system_i/cic_1/U0/i_synth/decimator.decimation_filter/int/gen_stages[0].gen_unfolded.int_comb_stage/gen_split_accum[0].gen_sum_struct.gen_sum/gen_structural.gen_no_dsp48.gen_adder[0].split_adder_n/gen_adders[59].gen_carry.i_muxcy_CARRY4/CO[3]
                         net (fo=1, routed)           0.000     3.854    system_i/cic_1/U0/i_synth/decimator.decimation_filter/int/gen_stages[0].gen_unfolded.int_comb_stage/gen_split_accum[0].gen_sum_struct.gen_sum/gen_structural.gen_no_dsp48.gen_adder[0].split_adder_n/carry_int_63
    SLICE_X12Y30         CARRY4 (Prop_carry4_CI_CO[3])
                                                      0.117     3.971 r  system_i/cic_1/U0/i_synth/decimator.decimation_filter/int/gen_stages[0].gen_unfolded.int_comb_stage/gen_split_accum[0].gen_sum_struct.gen_sum/gen_structural.gen_no_dsp48.gen_adder[0].split_adder_n/gen_adders[63].gen_carry.i_muxcy_CARRY4/CO[3]
                         net (fo=1, routed)           0.000     3.971    system_i/cic_1/U0/i_synth/decimator.decimation_filter/int/gen_stages[0].gen_unfolded.int_comb_stage/gen_split_accum[0].gen_sum_struct.gen_sum/gen_structural.gen_no_dsp48.gen_adder[0].split_adder_n/carry_int_67
    SLICE_X12Y31         CARRY4 (Prop_carry4_CI_CO[3])
                                                      0.117     4.088 r  system_i/cic_1/U0/i_synth/decimator.decimation_filter/int/gen_stages[0].gen_unfolded.int_comb_stage/gen_split_accum[0].gen_sum_struct.gen_sum/gen_structural.gen_no_dsp48.gen_adder[0].split_adder_n/gen_adders[67].gen_carry.i_muxcy_CARRY4/CO[3]
                         net (fo=1, routed)           0.000     4.088    system_i/cic_1/U0/i_synth/decimator.decimation_filter/int/gen_stages[0].gen_unfolded.int_comb_stage/gen_split_accum[0].gen_sum_struct.gen_sum/gen_structural.gen_no_dsp48.gen_adder[0].split_adder_n/carry_int_71
    SLICE_X12Y32         CARRY4 (Prop_carry4_CI_CO[3])
                                                      0.117     4.205 r  system_i/cic_1/U0/i_synth/decimator.decimation_filter/int/gen_stages[0].gen_unfolded.int_comb_stage/gen_split_accum[0].gen_sum_struct.gen_sum/gen_structural.gen_no_dsp48.gen_adder[0].split_adder_n/gen_adders[71].gen_carry.i_muxcy_CARRY4/CO[3]
                         net (fo=1, routed)           0.000     4.205    system_i/cic_1/U0/i_synth/decimator.decimation_filter/int/gen_stages[0].gen_unfolded.int_comb_stage/gen_split_accum[0].gen_sum_struct.gen_sum/gen_structural.gen_no_dsp48.gen_adder[0].split_adder_n/carry_int_75
    SLICE_X12Y33         CARRY4 (Prop_carry4_CI_CO[3])
                                                      0.117     4.322 r  system_i/cic_1/U0/i_synth/decimator.decimation_filter/int/gen_stages[0].gen_unfolded.int_comb_stage/gen_split_accum[0].gen_sum_struct.gen_sum/gen_structural.gen_no_dsp48.gen_adder[0].split_adder_n/gen_adders[75].gen_carry.i_muxcy_CARRY4/CO[3]
                         net (fo=1, routed)           0.000     4.322    system_i/cic_1/U0/i_synth/decimator.decimation_filter/int/gen_stages[0].gen_unfolded.int_comb_stage/gen_split_accum[0].gen_sum_struct.gen_sum/gen_structural.gen_no_dsp48.gen_adder[0].split_adder_n/carry_int_79
    SLICE_X12Y34         CARRY4 (Prop_carry4_CI_O[2])
                                                      0.239     4.561 r  system_i/cic_1/U0/i_synth/decimator.decimation_filter/int/gen_stages[0].gen_unfolded.int_comb_stage/gen_split_accum[0].gen_sum_struct.gen_sum/gen_structural.gen_no_dsp48.gen_adder[0].split_adder_n/gen_adders[79].gen_carry.i_muxcy_CARRY4/O[2]
                         net (fo=1, routed)           0.000     4.561    system_i/cic_1/U0/i_synth/decimator.decimation_filter/int/gen_stages[0].gen_unfolded.int_comb_stage/gen_split_accum[0].gen_sum_struct.gen_sum/gen_structural.gen_no_dsp48.gen_adder[0].split_adder_n/d_int_81
    SLICE_X12Y34         FDRE                                         r  system_i/cic_1/U0/i_synth/decimator.decimation_filter/int/gen_stages[0].gen_unfolded.int_comb_stage/gen_split_accum[0].gen_sum_struct.gen_sum/gen_structural.gen_no_dsp48.gen_adder[0].split_adder_n/gen_adders[81].i_reg/D
  -------------------------------------------------------------------    -------------------

                         (clock clk_out1_system_pll_0_0 rise edge)
                                                      8.000     8.000 r  
    U18                                               0.000     8.000 r  adc_clk_p_i (IN)
                         net (fo=0)                   0.000     8.000    system_i/pll_0/inst/clk_in1_p
    U18                  IBUFDS (Prop_ibufds_I_O)     0.940     8.940 r  system_i/pll_0/inst/clkin1_ibufgds/O
                         net (fo=1, routed)           1.181    10.121    system_i/pll_0/inst/clk_in1_system_pll_0_0
    PLLE2_ADV_X0Y0       PLLE2_ADV (Prop_plle2_adv_CLKIN1_CLKOUT0)
                                                     -7.650     2.470 r  system_i/pll_0/inst/plle2_adv_inst/CLKOUT0
                         net (fo=1, routed)           1.594     4.065    system_i/pll_0/inst/clk_out1_system_pll_0_0
    BUFGCTRL_X0Y0        BUFG (Prop_bufg_I_O)         0.091     4.156 r  system_i/pll_0/inst/clkout1_buf/O
                         net (fo=3003, routed)        1.501     5.657    system_i/cic_1/U0/i_synth/decimator.decimation_filter/int/gen_stages[0].gen_unfolded.int_comb_stage/gen_split_accum[0].gen_sum_struct.gen_sum/gen_structural.gen_no_dsp48.gen_adder[0].split_adder_n/aclk
    SLICE_X12Y34         FDRE                                         r  system_i/cic_1/U0/i_synth/decimator.decimation_filter/int/gen_stages[0].gen_unfolded.int_comb_stage/gen_split_accum[0].gen_sum_struct.gen_sum/gen_structural.gen_no_dsp48.gen_adder[0].split_adder_n/gen_adders[81].i_reg/C
                         clock pessimism             -0.396     5.261    
                         clock uncertainty           -0.072     5.189    
    SLICE_X12Y34         FDRE (Setup_fdre_C_D)        0.109     5.298    system_i/cic_1/U0/i_synth/decimator.decimation_filter/int/gen_stages[0].gen_unfolded.int_comb_stage/gen_split_accum[0].gen_sum_struct.gen_sum/gen_structural.gen_no_dsp48.gen_adder[0].split_adder_n/gen_adders[81].i_reg
  -------------------------------------------------------------------
                         required time                          5.298    
                         arrival time                          -4.561    
  -------------------------------------------------------------------
                         slack                                  0.738    

Slack (MET) :             0.758ns  (required time - arrival time)
  Source:                 system_i/cic_1/U0/i_synth/decimator.decimation_filter/int/gen_stages[0].gen_unfolded.int_comb_stage/gen_split_accum[0].gen_sum_struct.opcode_reg[3]/C
                            (rising edge-triggered cell FDRE clocked by clk_out1_system_pll_0_0  {rise@0.000ns fall@4.000ns period=8.000ns})
  Destination:            system_i/cic_1/U0/i_synth/decimator.decimation_filter/int/gen_stages[0].gen_unfolded.int_comb_stage/gen_split_accum[0].gen_sum_struct.gen_sum/gen_structural.gen_no_dsp48.gen_adder[0].split_adder_n/gen_adders[79].i_reg/D
                            (rising edge-triggered cell FDRE clocked by clk_out1_system_pll_0_0  {rise@0.000ns fall@4.000ns period=8.000ns})
  Path Group:             clk_out1_system_pll_0_0
  Path Type:              Setup (Max at Slow Process Corner)
  Requirement:            8.000ns  (clk_out1_system_pll_0_0 rise@8.000ns - clk_out1_system_pll_0_0 rise@0.000ns)
  Data Path Delay:        7.260ns  (logic 3.555ns (48.964%)  route 3.705ns (51.036%))
  Logic Levels:           22  (CARRY4=21 LUT3=1)
  Clock Path Skew:        -0.019ns (DCD - SCD + CPR)
    Destination Clock Delay (DCD):    -2.343ns = ( 5.657 - 8.000 ) 
    Source Clock Delay      (SCD):    -2.720ns
    Clock Pessimism Removal (CPR):    -0.396ns
  Clock Uncertainty:      0.072ns  ((TSJ^2 + DJ^2)^1/2) / 2 + PE
    Total System Jitter     (TSJ):    0.071ns
    Discrete Jitter          (DJ):    0.125ns
    Phase Error              (PE):    0.000ns

    Location             Delay type                Incr(ns)  Path(ns)    Netlist Resource(s)
  -------------------------------------------------------------------    -------------------
                         (clock clk_out1_system_pll_0_0 rise edge)
                                                      0.000     0.000 r  
    U18                                               0.000     0.000 r  adc_clk_p_i (IN)
                         net (fo=0)                   0.000     0.000    system_i/pll_0/inst/clk_in1_p
    U18                  IBUFDS (Prop_ibufds_I_O)     0.983     0.983 r  system_i/pll_0/inst/clkin1_ibufgds/O
                         net (fo=1, routed)           1.306     2.289    system_i/pll_0/inst/clk_in1_system_pll_0_0
    PLLE2_ADV_X0Y0       PLLE2_ADV (Prop_plle2_adv_CLKIN1_CLKOUT0)
                                                     -8.533    -6.244 r  system_i/pll_0/inst/plle2_adv_inst/CLKOUT0
                         net (fo=1, routed)           1.754    -4.490    system_i/pll_0/inst/clk_out1_system_pll_0_0
    BUFGCTRL_X0Y0        BUFG (Prop_bufg_I_O)         0.101    -4.389 r  system_i/pll_0/inst/clkout1_buf/O
                         net (fo=3003, routed)        1.669    -2.720    system_i/cic_1/U0/i_synth/decimator.decimation_filter/int/gen_stages[0].gen_unfolded.int_comb_stage/aclk
    SLICE_X11Y30         FDRE                                         r  system_i/cic_1/U0/i_synth/decimator.decimation_filter/int/gen_stages[0].gen_unfolded.int_comb_stage/gen_split_accum[0].gen_sum_struct.opcode_reg[3]/C
  -------------------------------------------------------------------    -------------------
    SLICE_X11Y30         FDRE (Prop_fdre_C_Q)         0.456    -2.264 r  system_i/cic_1/U0/i_synth/decimator.decimation_filter/int/gen_stages[0].gen_unfolded.int_comb_stage/gen_split_accum[0].gen_sum_struct.opcode_reg[3]/Q
                         net (fo=173, routed)         3.696     1.433    system_i/cic_1/U0/i_synth/decimator.decimation_filter/int/gen_stages[0].gen_unfolded.int_comb_stage/gen_split_accum[0].gen_sum_struct.gen_sum/gen_structural.gen_no_dsp48.gen_adder[0].split_adder_n/gen_adders[0].gen_carry.i_muxcy_1[0]
    SLICE_X12Y14         LUT3 (Prop_lut3_I2_O)        0.124     1.557 r  system_i/cic_1/U0/i_synth/decimator.decimation_filter/int/gen_stages[0].gen_unfolded.int_comb_stage/gen_split_accum[0].gen_sum_struct.gen_sum/gen_structural.gen_no_dsp48.gen_adder[0].split_adder_n/d_loc/O
                         net (fo=1, routed)           0.000     1.557    system_i/cic_1/U0/i_synth/decimator.decimation_filter/int/gen_stages[0].gen_unfolded.int_comb_stage/gen_split_accum[0].gen_sum_struct.gen_sum/gen_structural.gen_no_dsp48.gen_adder[0].split_adder_n/gen_adders[0].d_loc_reg
    SLICE_X12Y14         CARRY4 (Prop_carry4_S[1]_CO[3])
                                                      0.533     2.090 r  system_i/cic_1/U0/i_synth/decimator.decimation_filter/int/gen_stages[0].gen_unfolded.int_comb_stage/gen_split_accum[0].gen_sum_struct.gen_sum/gen_structural.gen_no_dsp48.gen_adder[0].split_adder_n/muxcy_bottom_CARRY4/CO[3]
                         net (fo=1, routed)           0.000     2.090    system_i/cic_1/U0/i_synth/decimator.decimation_filter/int/gen_stages[0].gen_unfolded.int_comb_stage/gen_split_accum[0].gen_sum_struct.gen_sum/gen_structural.gen_no_dsp48.gen_adder[0].split_adder_n/carry_int_3
    SLICE_X12Y15         CARRY4 (Prop_carry4_CI_CO[3])
                                                      0.117     2.207 r  system_i/cic_1/U0/i_synth/decimator.decimation_filter/int/gen_stages[0].gen_unfolded.int_comb_stage/gen_split_accum[0].gen_sum_struct.gen_sum/gen_structural.gen_no_dsp48.gen_adder[0].split_adder_n/gen_adders[3].gen_carry.i_muxcy_CARRY4/CO[3]
                         net (fo=1, routed)           0.000     2.207    system_i/cic_1/U0/i_synth/decimator.decimation_filter/int/gen_stages[0].gen_unfolded.int_comb_stage/gen_split_accum[0].gen_sum_struct.gen_sum/gen_structural.gen_no_dsp48.gen_adder[0].split_adder_n/carry_int_7
    SLICE_X12Y16         CARRY4 (Prop_carry4_CI_CO[3])
                                                      0.117     2.324 r  system_i/cic_1/U0/i_synth/decimator.decimation_filter/int/gen_stages[0].gen_unfolded.int_comb_stage/gen_split_accum[0].gen_sum_struct.gen_sum/gen_structural.gen_no_dsp48.gen_adder[0].split_adder_n/gen_adders[7].gen_carry.i_muxcy_CARRY4/CO[3]
                         net (fo=1, routed)           0.000     2.324    system_i/cic_1/U0/i_synth/decimator.decimation_filter/int/gen_stages[0].gen_unfolded.int_comb_stage/gen_split_accum[0].gen_sum_struct.gen_sum/gen_structural.gen_no_dsp48.gen_adder[0].split_adder_n/carry_int_11
    SLICE_X12Y17         CARRY4 (Prop_carry4_CI_CO[3])
                                                      0.117     2.441 r  system_i/cic_1/U0/i_synth/decimator.decimation_filter/int/gen_stages[0].gen_unfolded.int_comb_stage/gen_split_accum[0].gen_sum_struct.gen_sum/gen_structural.gen_no_dsp48.gen_adder[0].split_adder_n/gen_adders[11].gen_carry.i_muxcy_CARRY4/CO[3]
                         net (fo=1, routed)           0.000     2.441    system_i/cic_1/U0/i_synth/decimator.decimation_filter/int/gen_stages[0].gen_unfolded.int_comb_stage/gen_split_accum[0].gen_sum_struct.gen_sum/gen_structural.gen_no_dsp48.gen_adder[0].split_adder_n/carry_int_15
    SLICE_X12Y18         CARRY4 (Prop_carry4_CI_CO[3])
                                                      0.117     2.558 r  system_i/cic_1/U0/i_synth/decimator.decimation_filter/int/gen_stages[0].gen_unfolded.int_comb_stage/gen_split_accum[0].gen_sum_struct.gen_sum/gen_structural.gen_no_dsp48.gen_adder[0].split_adder_n/gen_adders[15].gen_carry.i_muxcy_CARRY4/CO[3]
                         net (fo=1, routed)           0.000     2.558    system_i/cic_1/U0/i_synth/decimator.decimation_filter/int/gen_stages[0].gen_unfolded.int_comb_stage/gen_split_accum[0].gen_sum_struct.gen_sum/gen_structural.gen_no_dsp48.gen_adder[0].split_adder_n/carry_int_19
    SLICE_X12Y19         CARRY4 (Prop_carry4_CI_CO[3])
                                                      0.117     2.675 r  system_i/cic_1/U0/i_synth/decimator.decimation_filter/int/gen_stages[0].gen_unfolded.int_comb_stage/gen_split_accum[0].gen_sum_struct.gen_sum/gen_structural.gen_no_dsp48.gen_adder[0].split_adder_n/gen_adders[19].gen_carry.i_muxcy_CARRY4/CO[3]
                         net (fo=1, routed)           0.000     2.675    system_i/cic_1/U0/i_synth/decimator.decimation_filter/int/gen_stages[0].gen_unfolded.int_comb_stage/gen_split_accum[0].gen_sum_struct.gen_sum/gen_structural.gen_no_dsp48.gen_adder[0].split_adder_n/carry_int_23
    SLICE_X12Y20         CARRY4 (Prop_carry4_CI_CO[3])
                                                      0.117     2.792 r  system_i/cic_1/U0/i_synth/decimator.decimation_filter/int/gen_stages[0].gen_unfolded.int_comb_stage/gen_split_accum[0].gen_sum_struct.gen_sum/gen_structural.gen_no_dsp48.gen_adder[0].split_adder_n/gen_adders[23].gen_carry.i_muxcy_CARRY4/CO[3]
                         net (fo=1, routed)           0.000     2.792    system_i/cic_1/U0/i_synth/decimator.decimation_filter/int/gen_stages[0].gen_unfolded.int_comb_stage/gen_split_accum[0].gen_sum_struct.gen_sum/gen_structural.gen_no_dsp48.gen_adder[0].split_adder_n/carry_int_27
    SLICE_X12Y21         CARRY4 (Prop_carry4_CI_CO[3])
                                                      0.117     2.909 r  system_i/cic_1/U0/i_synth/decimator.decimation_filter/int/gen_stages[0].gen_unfolded.int_comb_stage/gen_split_accum[0].gen_sum_struct.gen_sum/gen_structural.gen_no_dsp48.gen_adder[0].split_adder_n/gen_adders[27].gen_carry.i_muxcy_CARRY4/CO[3]
                         net (fo=1, routed)           0.000     2.909    system_i/cic_1/U0/i_synth/decimator.decimation_filter/int/gen_stages[0].gen_unfolded.int_comb_stage/gen_split_accum[0].gen_sum_struct.gen_sum/gen_structural.gen_no_dsp48.gen_adder[0].split_adder_n/carry_int_31
    SLICE_X12Y22         CARRY4 (Prop_carry4_CI_CO[3])
                                                      0.117     3.026 r  system_i/cic_1/U0/i_synth/decimator.decimation_filter/int/gen_stages[0].gen_unfolded.int_comb_stage/gen_split_accum[0].gen_sum_struct.gen_sum/gen_structural.gen_no_dsp48.gen_adder[0].split_adder_n/gen_adders[31].gen_carry.i_muxcy_CARRY4/CO[3]
                         net (fo=1, routed)           0.000     3.026    system_i/cic_1/U0/i_synth/decimator.decimation_filter/int/gen_stages[0].gen_unfolded.int_comb_stage/gen_split_accum[0].gen_sum_struct.gen_sum/gen_structural.gen_no_dsp48.gen_adder[0].split_adder_n/carry_int_35
    SLICE_X12Y23         CARRY4 (Prop_carry4_CI_CO[3])
                                                      0.117     3.143 r  system_i/cic_1/U0/i_synth/decimator.decimation_filter/int/gen_stages[0].gen_unfolded.int_comb_stage/gen_split_accum[0].gen_sum_struct.gen_sum/gen_structural.gen_no_dsp48.gen_adder[0].split_adder_n/gen_adders[35].gen_carry.i_muxcy_CARRY4/CO[3]
                         net (fo=1, routed)           0.000     3.143    system_i/cic_1/U0/i_synth/decimator.decimation_filter/int/gen_stages[0].gen_unfolded.int_comb_stage/gen_split_accum[0].gen_sum_struct.gen_sum/gen_structural.gen_no_dsp48.gen_adder[0].split_adder_n/carry_int_39
    SLICE_X12Y24         CARRY4 (Prop_carry4_CI_CO[3])
                                                      0.117     3.260 r  system_i/cic_1/U0/i_synth/decimator.decimation_filter/int/gen_stages[0].gen_unfolded.int_comb_stage/gen_split_accum[0].gen_sum_struct.gen_sum/gen_structural.gen_no_dsp48.gen_adder[0].split_adder_n/gen_adders[39].gen_carry.i_muxcy_CARRY4/CO[3]
                         net (fo=1, routed)           0.009     3.269    system_i/cic_1/U0/i_synth/decimator.decimation_filter/int/gen_stages[0].gen_unfolded.int_comb_stage/gen_split_accum[0].gen_sum_struct.gen_sum/gen_structural.gen_no_dsp48.gen_adder[0].split_adder_n/carry_int_43
    SLICE_X12Y25         CARRY4 (Prop_carry4_CI_CO[3])
                                                      0.117     3.386 r  system_i/cic_1/U0/i_synth/decimator.decimation_filter/int/gen_stages[0].gen_unfolded.int_comb_stage/gen_split_accum[0].gen_sum_struct.gen_sum/gen_structural.gen_no_dsp48.gen_adder[0].split_adder_n/gen_adders[43].gen_carry.i_muxcy_CARRY4/CO[3]
                         net (fo=1, routed)           0.000     3.386    system_i/cic_1/U0/i_synth/decimator.decimation_filter/int/gen_stages[0].gen_unfolded.int_comb_stage/gen_split_accum[0].gen_sum_struct.gen_sum/gen_structural.gen_no_dsp48.gen_adder[0].split_adder_n/carry_int_47
    SLICE_X12Y26         CARRY4 (Prop_carry4_CI_CO[3])
                                                      0.117     3.503 r  system_i/cic_1/U0/i_synth/decimator.decimation_filter/int/gen_stages[0].gen_unfolded.int_comb_stage/gen_split_accum[0].gen_sum_struct.gen_sum/gen_structural.gen_no_dsp48.gen_adder[0].split_adder_n/gen_adders[47].gen_carry.i_muxcy_CARRY4/CO[3]
                         net (fo=1, routed)           0.000     3.503    system_i/cic_1/U0/i_synth/decimator.decimation_filter/int/gen_stages[0].gen_unfolded.int_comb_stage/gen_split_accum[0].gen_sum_struct.gen_sum/gen_structural.gen_no_dsp48.gen_adder[0].split_adder_n/carry_int_51
    SLICE_X12Y27         CARRY4 (Prop_carry4_CI_CO[3])
                                                      0.117     3.620 r  system_i/cic_1/U0/i_synth/decimator.decimation_filter/int/gen_stages[0].gen_unfolded.int_comb_stage/gen_split_accum[0].gen_sum_struct.gen_sum/gen_structural.gen_no_dsp48.gen_adder[0].split_adder_n/gen_adders[51].gen_carry.i_muxcy_CARRY4/CO[3]
                         net (fo=1, routed)           0.000     3.620    system_i/cic_1/U0/i_synth/decimator.decimation_filter/int/gen_stages[0].gen_unfolded.int_comb_stage/gen_split_accum[0].gen_sum_struct.gen_sum/gen_structural.gen_no_dsp48.gen_adder[0].split_adder_n/carry_int_55
    SLICE_X12Y28         CARRY4 (Prop_carry4_CI_CO[3])
                                                      0.117     3.737 r  system_i/cic_1/U0/i_synth/decimator.decimation_filter/int/gen_stages[0].gen_unfolded.int_comb_stage/gen_split_accum[0].gen_sum_struct.gen_sum/gen_structural.gen_no_dsp48.gen_adder[0].split_adder_n/gen_adders[55].gen_carry.i_muxcy_CARRY4/CO[3]
                         net (fo=1, routed)           0.000     3.737    system_i/cic_1/U0/i_synth/decimator.decimation_filter/int/gen_stages[0].gen_unfolded.int_comb_stage/gen_split_accum[0].gen_sum_struct.gen_sum/gen_structural.gen_no_dsp48.gen_adder[0].split_adder_n/carry_int_59
    SLICE_X12Y29         CARRY4 (Prop_carry4_CI_CO[3])
                                                      0.117     3.854 r  system_i/cic_1/U0/i_synth/decimator.decimation_filter/int/gen_stages[0].gen_unfolded.int_comb_stage/gen_split_accum[0].gen_sum_struct.gen_sum/gen_structural.gen_no_dsp48.gen_adder[0].split_adder_n/gen_adders[59].gen_carry.i_muxcy_CARRY4/CO[3]
                         net (fo=1, routed)           0.000     3.854    system_i/cic_1/U0/i_synth/decimator.decimation_filter/int/gen_stages[0].gen_unfolded.int_comb_stage/gen_split_accum[0].gen_sum_struct.gen_sum/gen_structural.gen_no_dsp48.gen_adder[0].split_adder_n/carry_int_63
    SLICE_X12Y30         CARRY4 (Prop_carry4_CI_CO[3])
                                                      0.117     3.971 r  system_i/cic_1/U0/i_synth/decimator.decimation_filter/int/gen_stages[0].gen_unfolded.int_comb_stage/gen_split_accum[0].gen_sum_struct.gen_sum/gen_structural.gen_no_dsp48.gen_adder[0].split_adder_n/gen_adders[63].gen_carry.i_muxcy_CARRY4/CO[3]
                         net (fo=1, routed)           0.000     3.971    system_i/cic_1/U0/i_synth/decimator.decimation_filter/int/gen_stages[0].gen_unfolded.int_comb_stage/gen_split_accum[0].gen_sum_struct.gen_sum/gen_structural.gen_no_dsp48.gen_adder[0].split_adder_n/carry_int_67
    SLICE_X12Y31         CARRY4 (Prop_carry4_CI_CO[3])
                                                      0.117     4.088 r  system_i/cic_1/U0/i_synth/decimator.decimation_filter/int/gen_stages[0].gen_unfolded.int_comb_stage/gen_split_accum[0].gen_sum_struct.gen_sum/gen_structural.gen_no_dsp48.gen_adder[0].split_adder_n/gen_adders[67].gen_carry.i_muxcy_CARRY4/CO[3]
                         net (fo=1, routed)           0.000     4.088    system_i/cic_1/U0/i_synth/decimator.decimation_filter/int/gen_stages[0].gen_unfolded.int_comb_stage/gen_split_accum[0].gen_sum_struct.gen_sum/gen_structural.gen_no_dsp48.gen_adder[0].split_adder_n/carry_int_71
    SLICE_X12Y32         CARRY4 (Prop_carry4_CI_CO[3])
                                                      0.117     4.205 r  system_i/cic_1/U0/i_synth/decimator.decimation_filter/int/gen_stages[0].gen_unfolded.int_comb_stage/gen_split_accum[0].gen_sum_struct.gen_sum/gen_structural.gen_no_dsp48.gen_adder[0].split_adder_n/gen_adders[71].gen_carry.i_muxcy_CARRY4/CO[3]
                         net (fo=1, routed)           0.000     4.205    system_i/cic_1/U0/i_synth/decimator.decimation_filter/int/gen_stages[0].gen_unfolded.int_comb_stage/gen_split_accum[0].gen_sum_struct.gen_sum/gen_structural.gen_no_dsp48.gen_adder[0].split_adder_n/carry_int_75
    SLICE_X12Y33         CARRY4 (Prop_carry4_CI_CO[3])
                                                      0.117     4.322 r  system_i/cic_1/U0/i_synth/decimator.decimation_filter/int/gen_stages[0].gen_unfolded.int_comb_stage/gen_split_accum[0].gen_sum_struct.gen_sum/gen_structural.gen_no_dsp48.gen_adder[0].split_adder_n/gen_adders[75].gen_carry.i_muxcy_CARRY4/CO[3]
                         net (fo=1, routed)           0.000     4.322    system_i/cic_1/U0/i_synth/decimator.decimation_filter/int/gen_stages[0].gen_unfolded.int_comb_stage/gen_split_accum[0].gen_sum_struct.gen_sum/gen_structural.gen_no_dsp48.gen_adder[0].split_adder_n/carry_int_79
    SLICE_X12Y34         CARRY4 (Prop_carry4_CI_O[0])
                                                      0.219     4.541 r  system_i/cic_1/U0/i_synth/decimator.decimation_filter/int/gen_stages[0].gen_unfolded.int_comb_stage/gen_split_accum[0].gen_sum_struct.gen_sum/gen_structural.gen_no_dsp48.gen_adder[0].split_adder_n/gen_adders[79].gen_carry.i_muxcy_CARRY4/O[0]
                         net (fo=1, routed)           0.000     4.541    system_i/cic_1/U0/i_synth/decimator.decimation_filter/int/gen_stages[0].gen_unfolded.int_comb_stage/gen_split_accum[0].gen_sum_struct.gen_sum/gen_structural.gen_no_dsp48.gen_adder[0].split_adder_n/d_int_79
    SLICE_X12Y34         FDRE                                         r  system_i/cic_1/U0/i_synth/decimator.decimation_filter/int/gen_stages[0].gen_unfolded.int_comb_stage/gen_split_accum[0].gen_sum_struct.gen_sum/gen_structural.gen_no_dsp48.gen_adder[0].split_adder_n/gen_adders[79].i_reg/D
  -------------------------------------------------------------------    -------------------

                         (clock clk_out1_system_pll_0_0 rise edge)
                                                      8.000     8.000 r  
    U18                                               0.000     8.000 r  adc_clk_p_i (IN)
                         net (fo=0)                   0.000     8.000    system_i/pll_0/inst/clk_in1_p
    U18                  IBUFDS (Prop_ibufds_I_O)     0.940     8.940 r  system_i/pll_0/inst/clkin1_ibufgds/O
                         net (fo=1, routed)           1.181    10.121    system_i/pll_0/inst/clk_in1_system_pll_0_0
    PLLE2_ADV_X0Y0       PLLE2_ADV (Prop_plle2_adv_CLKIN1_CLKOUT0)
                                                     -7.650     2.470 r  system_i/pll_0/inst/plle2_adv_inst/CLKOUT0
                         net (fo=1, routed)           1.594     4.065    system_i/pll_0/inst/clk_out1_system_pll_0_0
    BUFGCTRL_X0Y0        BUFG (Prop_bufg_I_O)         0.091     4.156 r  system_i/pll_0/inst/clkout1_buf/O
                         net (fo=3003, routed)        1.501     5.657    system_i/cic_1/U0/i_synth/decimator.decimation_filter/int/gen_stages[0].gen_unfolded.int_comb_stage/gen_split_accum[0].gen_sum_struct.gen_sum/gen_structural.gen_no_dsp48.gen_adder[0].split_adder_n/aclk
    SLICE_X12Y34         FDRE                                         r  system_i/cic_1/U0/i_synth/decimator.decimation_filter/int/gen_stages[0].gen_unfolded.int_comb_stage/gen_split_accum[0].gen_sum_struct.gen_sum/gen_structural.gen_no_dsp48.gen_adder[0].split_adder_n/gen_adders[79].i_reg/C
                         clock pessimism             -0.396     5.261    
                         clock uncertainty           -0.072     5.189    
    SLICE_X12Y34         FDRE (Setup_fdre_C_D)        0.109     5.298    system_i/cic_1/U0/i_synth/decimator.decimation_filter/int/gen_stages[0].gen_unfolded.int_comb_stage/gen_split_accum[0].gen_sum_struct.gen_sum/gen_structural.gen_no_dsp48.gen_adder[0].split_adder_n/gen_adders[79].i_reg
  -------------------------------------------------------------------
                         required time                          5.298    
                         arrival time                          -4.541    
  -------------------------------------------------------------------
                         slack                                  0.758    

Slack (MET) :             0.770ns  (required time - arrival time)
  Source:                 system_i/cic_1/U0/i_synth/decimator.decimation_filter/int/gen_stages[0].gen_unfolded.int_comb_stage/gen_split_accum[0].gen_sum_struct.opcode_reg[3]/C
                            (rising edge-triggered cell FDRE clocked by clk_out1_system_pll_0_0  {rise@0.000ns fall@4.000ns period=8.000ns})
  Destination:            system_i/cic_1/U0/i_synth/decimator.decimation_filter/int/gen_stages[0].gen_unfolded.int_comb_stage/gen_split_accum[0].gen_sum_struct.gen_sum/gen_structural.gen_no_dsp48.gen_adder[0].split_adder_n/gen_adders[76].i_reg/D
                            (rising edge-triggered cell FDRE clocked by clk_out1_system_pll_0_0  {rise@0.000ns fall@4.000ns period=8.000ns})
  Path Group:             clk_out1_system_pll_0_0
  Path Type:              Setup (Max at Slow Process Corner)
  Requirement:            8.000ns  (clk_out1_system_pll_0_0 rise@8.000ns - clk_out1_system_pll_0_0 rise@0.000ns)
  Data Path Delay:        7.247ns  (logic 3.542ns (48.872%)  route 3.705ns (51.128%))
  Logic Levels:           21  (CARRY4=20 LUT3=1)
  Clock Path Skew:        -0.020ns (DCD - SCD + CPR)
    Destination Clock Delay (DCD):    -2.344ns = ( 5.656 - 8.000 ) 
    Source Clock Delay      (SCD):    -2.720ns
    Clock Pessimism Removal (CPR):    -0.396ns
  Clock Uncertainty:      0.072ns  ((TSJ^2 + DJ^2)^1/2) / 2 + PE
    Total System Jitter     (TSJ):    0.071ns
    Discrete Jitter          (DJ):    0.125ns
    Phase Error              (PE):    0.000ns

    Location             Delay type                Incr(ns)  Path(ns)    Netlist Resource(s)
  -------------------------------------------------------------------    -------------------
                         (clock clk_out1_system_pll_0_0 rise edge)
                                                      0.000     0.000 r  
    U18                                               0.000     0.000 r  adc_clk_p_i (IN)
                         net (fo=0)                   0.000     0.000    system_i/pll_0/inst/clk_in1_p
    U18                  IBUFDS (Prop_ibufds_I_O)     0.983     0.983 r  system_i/pll_0/inst/clkin1_ibufgds/O
                         net (fo=1, routed)           1.306     2.289    system_i/pll_0/inst/clk_in1_system_pll_0_0
    PLLE2_ADV_X0Y0       PLLE2_ADV (Prop_plle2_adv_CLKIN1_CLKOUT0)
                                                     -8.533    -6.244 r  system_i/pll_0/inst/plle2_adv_inst/CLKOUT0
                         net (fo=1, routed)           1.754    -4.490    system_i/pll_0/inst/clk_out1_system_pll_0_0
    BUFGCTRL_X0Y0        BUFG (Prop_bufg_I_O)         0.101    -4.389 r  system_i/pll_0/inst/clkout1_buf/O
                         net (fo=3003, routed)        1.669    -2.720    system_i/cic_1/U0/i_synth/decimator.decimation_filter/int/gen_stages[0].gen_unfolded.int_comb_stage/aclk
    SLICE_X11Y30         FDRE                                         r  system_i/cic_1/U0/i_synth/decimator.decimation_filter/int/gen_stages[0].gen_unfolded.int_comb_stage/gen_split_accum[0].gen_sum_struct.opcode_reg[3]/C
  -------------------------------------------------------------------    -------------------
    SLICE_X11Y30         FDRE (Prop_fdre_C_Q)         0.456    -2.264 r  system_i/cic_1/U0/i_synth/decimator.decimation_filter/int/gen_stages[0].gen_unfolded.int_comb_stage/gen_split_accum[0].gen_sum_struct.opcode_reg[3]/Q
                         net (fo=173, routed)         3.696     1.433    system_i/cic_1/U0/i_synth/decimator.decimation_filter/int/gen_stages[0].gen_unfolded.int_comb_stage/gen_split_accum[0].gen_sum_struct.gen_sum/gen_structural.gen_no_dsp48.gen_adder[0].split_adder_n/gen_adders[0].gen_carry.i_muxcy_1[0]
    SLICE_X12Y14         LUT3 (Prop_lut3_I2_O)        0.124     1.557 r  system_i/cic_1/U0/i_synth/decimator.decimation_filter/int/gen_stages[0].gen_unfolded.int_comb_stage/gen_split_accum[0].gen_sum_struct.gen_sum/gen_structural.gen_no_dsp48.gen_adder[0].split_adder_n/d_loc/O
                         net (fo=1, routed)           0.000     1.557    system_i/cic_1/U0/i_synth/decimator.decimation_filter/int/gen_stages[0].gen_unfolded.int_comb_stage/gen_split_accum[0].gen_sum_struct.gen_sum/gen_structural.gen_no_dsp48.gen_adder[0].split_adder_n/gen_adders[0].d_loc_reg
    SLICE_X12Y14         CARRY4 (Prop_carry4_S[1]_CO[3])
                                                      0.533     2.090 r  system_i/cic_1/U0/i_synth/decimator.decimation_filter/int/gen_stages[0].gen_unfolded.int_comb_stage/gen_split_accum[0].gen_sum_struct.gen_sum/gen_structural.gen_no_dsp48.gen_adder[0].split_adder_n/muxcy_bottom_CARRY4/CO[3]
                         net (fo=1, routed)           0.000     2.090    system_i/cic_1/U0/i_synth/decimator.decimation_filter/int/gen_stages[0].gen_unfolded.int_comb_stage/gen_split_accum[0].gen_sum_struct.gen_sum/gen_structural.gen_no_dsp48.gen_adder[0].split_adder_n/carry_int_3
    SLICE_X12Y15         CARRY4 (Prop_carry4_CI_CO[3])
                                                      0.117     2.207 r  system_i/cic_1/U0/i_synth/decimator.decimation_filter/int/gen_stages[0].gen_unfolded.int_comb_stage/gen_split_accum[0].gen_sum_struct.gen_sum/gen_structural.gen_no_dsp48.gen_adder[0].split_adder_n/gen_adders[3].gen_carry.i_muxcy_CARRY4/CO[3]
                         net (fo=1, routed)           0.000     2.207    system_i/cic_1/U0/i_synth/decimator.decimation_filter/int/gen_stages[0].gen_unfolded.int_comb_stage/gen_split_accum[0].gen_sum_struct.gen_sum/gen_structural.gen_no_dsp48.gen_adder[0].split_adder_n/carry_int_7
    SLICE_X12Y16         CARRY4 (Prop_carry4_CI_CO[3])
                                                      0.117     2.324 r  system_i/cic_1/U0/i_synth/decimator.decimation_filter/int/gen_stages[0].gen_unfolded.int_comb_stage/gen_split_accum[0].gen_sum_struct.gen_sum/gen_structural.gen_no_dsp48.gen_adder[0].split_adder_n/gen_adders[7].gen_carry.i_muxcy_CARRY4/CO[3]
                         net (fo=1, routed)           0.000     2.324    system_i/cic_1/U0/i_synth/decimator.decimation_filter/int/gen_stages[0].gen_unfolded.int_comb_stage/gen_split_accum[0].gen_sum_struct.gen_sum/gen_structural.gen_no_dsp48.gen_adder[0].split_adder_n/carry_int_11
    SLICE_X12Y17         CARRY4 (Prop_carry4_CI_CO[3])
                                                      0.117     2.441 r  system_i/cic_1/U0/i_synth/decimator.decimation_filter/int/gen_stages[0].gen_unfolded.int_comb_stage/gen_split_accum[0].gen_sum_struct.gen_sum/gen_structural.gen_no_dsp48.gen_adder[0].split_adder_n/gen_adders[11].gen_carry.i_muxcy_CARRY4/CO[3]
                         net (fo=1, routed)           0.000     2.441    system_i/cic_1/U0/i_synth/decimator.decimation_filter/int/gen_stages[0].gen_unfolded.int_comb_stage/gen_split_accum[0].gen_sum_struct.gen_sum/gen_structural.gen_no_dsp48.gen_adder[0].split_adder_n/carry_int_15
    SLICE_X12Y18         CARRY4 (Prop_carry4_CI_CO[3])
                                                      0.117     2.558 r  system_i/cic_1/U0/i_synth/decimator.decimation_filter/int/gen_stages[0].gen_unfolded.int_comb_stage/gen_split_accum[0].gen_sum_struct.gen_sum/gen_structural.gen_no_dsp48.gen_adder[0].split_adder_n/gen_adders[15].gen_carry.i_muxcy_CARRY4/CO[3]
                         net (fo=1, routed)           0.000     2.558    system_i/cic_1/U0/i_synth/decimator.decimation_filter/int/gen_stages[0].gen_unfolded.int_comb_stage/gen_split_accum[0].gen_sum_struct.gen_sum/gen_structural.gen_no_dsp48.gen_adder[0].split_adder_n/carry_int_19
    SLICE_X12Y19         CARRY4 (Prop_carry4_CI_CO[3])
                                                      0.117     2.675 r  system_i/cic_1/U0/i_synth/decimator.decimation_filter/int/gen_stages[0].gen_unfolded.int_comb_stage/gen_split_accum[0].gen_sum_struct.gen_sum/gen_structural.gen_no_dsp48.gen_adder[0].split_adder_n/gen_adders[19].gen_carry.i_muxcy_CARRY4/CO[3]
                         net (fo=1, routed)           0.000     2.675    system_i/cic_1/U0/i_synth/decimator.decimation_filter/int/gen_stages[0].gen_unfolded.int_comb_stage/gen_split_accum[0].gen_sum_struct.gen_sum/gen_structural.gen_no_dsp48.gen_adder[0].split_adder_n/carry_int_23
    SLICE_X12Y20         CARRY4 (Prop_carry4_CI_CO[3])
                                                      0.117     2.792 r  system_i/cic_1/U0/i_synth/decimator.decimation_filter/int/gen_stages[0].gen_unfolded.int_comb_stage/gen_split_accum[0].gen_sum_struct.gen_sum/gen_structural.gen_no_dsp48.gen_adder[0].split_adder_n/gen_adders[23].gen_carry.i_muxcy_CARRY4/CO[3]
                         net (fo=1, routed)           0.000     2.792    system_i/cic_1/U0/i_synth/decimator.decimation_filter/int/gen_stages[0].gen_unfolded.int_comb_stage/gen_split_accum[0].gen_sum_struct.gen_sum/gen_structural.gen_no_dsp48.gen_adder[0].split_adder_n/carry_int_27
    SLICE_X12Y21         CARRY4 (Prop_carry4_CI_CO[3])
                                                      0.117     2.909 r  system_i/cic_1/U0/i_synth/decimator.decimation_filter/int/gen_stages[0].gen_unfolded.int_comb_stage/gen_split_accum[0].gen_sum_struct.gen_sum/gen_structural.gen_no_dsp48.gen_adder[0].split_adder_n/gen_adders[27].gen_carry.i_muxcy_CARRY4/CO[3]
                         net (fo=1, routed)           0.000     2.909    system_i/cic_1/U0/i_synth/decimator.decimation_filter/int/gen_stages[0].gen_unfolded.int_comb_stage/gen_split_accum[0].gen_sum_struct.gen_sum/gen_structural.gen_no_dsp48.gen_adder[0].split_adder_n/carry_int_31
    SLICE_X12Y22         CARRY4 (Prop_carry4_CI_CO[3])
                                                      0.117     3.026 r  system_i/cic_1/U0/i_synth/decimator.decimation_filter/int/gen_stages[0].gen_unfolded.int_comb_stage/gen_split_accum[0].gen_sum_struct.gen_sum/gen_structural.gen_no_dsp48.gen_adder[0].split_adder_n/gen_adders[31].gen_carry.i_muxcy_CARRY4/CO[3]
                         net (fo=1, routed)           0.000     3.026    system_i/cic_1/U0/i_synth/decimator.decimation_filter/int/gen_stages[0].gen_unfolded.int_comb_stage/gen_split_accum[0].gen_sum_struct.gen_sum/gen_structural.gen_no_dsp48.gen_adder[0].split_adder_n/carry_int_35
    SLICE_X12Y23         CARRY4 (Prop_carry4_CI_CO[3])
                                                      0.117     3.143 r  system_i/cic_1/U0/i_synth/decimator.decimation_filter/int/gen_stages[0].gen_unfolded.int_comb_stage/gen_split_accum[0].gen_sum_struct.gen_sum/gen_structural.gen_no_dsp48.gen_adder[0].split_adder_n/gen_adders[35].gen_carry.i_muxcy_CARRY4/CO[3]
                         net (fo=1, routed)           0.000     3.143    system_i/cic_1/U0/i_synth/decimator.decimation_filter/int/gen_stages[0].gen_unfolded.int_comb_stage/gen_split_accum[0].gen_sum_struct.gen_sum/gen_structural.gen_no_dsp48.gen_adder[0].split_adder_n/carry_int_39
    SLICE_X12Y24         CARRY4 (Prop_carry4_CI_CO[3])
                                                      0.117     3.260 r  system_i/cic_1/U0/i_synth/decimator.decimation_filter/int/gen_stages[0].gen_unfolded.int_comb_stage/gen_split_accum[0].gen_sum_struct.gen_sum/gen_structural.gen_no_dsp48.gen_adder[0].split_adder_n/gen_adders[39].gen_carry.i_muxcy_CARRY4/CO[3]
                         net (fo=1, routed)           0.009     3.269    system_i/cic_1/U0/i_synth/decimator.decimation_filter/int/gen_stages[0].gen_unfolded.int_comb_stage/gen_split_accum[0].gen_sum_struct.gen_sum/gen_structural.gen_no_dsp48.gen_adder[0].split_adder_n/carry_int_43
    SLICE_X12Y25         CARRY4 (Prop_carry4_CI_CO[3])
                                                      0.117     3.386 r  system_i/cic_1/U0/i_synth/decimator.decimation_filter/int/gen_stages[0].gen_unfolded.int_comb_stage/gen_split_accum[0].gen_sum_struct.gen_sum/gen_structural.gen_no_dsp48.gen_adder[0].split_adder_n/gen_adders[43].gen_carry.i_muxcy_CARRY4/CO[3]
                         net (fo=1, routed)           0.000     3.386    system_i/cic_1/U0/i_synth/decimator.decimation_filter/int/gen_stages[0].gen_unfolded.int_comb_stage/gen_split_accum[0].gen_sum_struct.gen_sum/gen_structural.gen_no_dsp48.gen_adder[0].split_adder_n/carry_int_47
    SLICE_X12Y26         CARRY4 (Prop_carry4_CI_CO[3])
                                                      0.117     3.503 r  system_i/cic_1/U0/i_synth/decimator.decimation_filter/int/gen_stages[0].gen_unfolded.int_comb_stage/gen_split_accum[0].gen_sum_struct.gen_sum/gen_structural.gen_no_dsp48.gen_adder[0].split_adder_n/gen_adders[47].gen_carry.i_muxcy_CARRY4/CO[3]
                         net (fo=1, routed)           0.000     3.503    system_i/cic_1/U0/i_synth/decimator.decimation_filter/int/gen_stages[0].gen_unfolded.int_comb_stage/gen_split_accum[0].gen_sum_struct.gen_sum/gen_structural.gen_no_dsp48.gen_adder[0].split_adder_n/carry_int_51
    SLICE_X12Y27         CARRY4 (Prop_carry4_CI_CO[3])
                                                      0.117     3.620 r  system_i/cic_1/U0/i_synth/decimator.decimation_filter/int/gen_stages[0].gen_unfolded.int_comb_stage/gen_split_accum[0].gen_sum_struct.gen_sum/gen_structural.gen_no_dsp48.gen_adder[0].split_adder_n/gen_adders[51].gen_carry.i_muxcy_CARRY4/CO[3]
                         net (fo=1, routed)           0.000     3.620    system_i/cic_1/U0/i_synth/decimator.decimation_filter/int/gen_stages[0].gen_unfolded.int_comb_stage/gen_split_accum[0].gen_sum_struct.gen_sum/gen_structural.gen_no_dsp48.gen_adder[0].split_adder_n/carry_int_55
    SLICE_X12Y28         CARRY4 (Prop_carry4_CI_CO[3])
                                                      0.117     3.737 r  system_i/cic_1/U0/i_synth/decimator.decimation_filter/int/gen_stages[0].gen_unfolded.int_comb_stage/gen_split_accum[0].gen_sum_struct.gen_sum/gen_structural.gen_no_dsp48.gen_adder[0].split_adder_n/gen_adders[55].gen_carry.i_muxcy_CARRY4/CO[3]
                         net (fo=1, routed)           0.000     3.737    system_i/cic_1/U0/i_synth/decimator.decimation_filter/int/gen_stages[0].gen_unfolded.int_comb_stage/gen_split_accum[0].gen_sum_struct.gen_sum/gen_structural.gen_no_dsp48.gen_adder[0].split_adder_n/carry_int_59
    SLICE_X12Y29         CARRY4 (Prop_carry4_CI_CO[3])
                                                      0.117     3.854 r  system_i/cic_1/U0/i_synth/decimator.decimation_filter/int/gen_stages[0].gen_unfolded.int_comb_stage/gen_split_accum[0].gen_sum_struct.gen_sum/gen_structural.gen_no_dsp48.gen_adder[0].split_adder_n/gen_adders[59].gen_carry.i_muxcy_CARRY4/CO[3]
                         net (fo=1, routed)           0.000     3.854    system_i/cic_1/U0/i_synth/decimator.decimation_filter/int/gen_stages[0].gen_unfolded.int_comb_stage/gen_split_accum[0].gen_sum_struct.gen_sum/gen_structural.gen_no_dsp48.gen_adder[0].split_adder_n/carry_int_63
    SLICE_X12Y30         CARRY4 (Prop_carry4_CI_CO[3])
                                                      0.117     3.971 r  system_i/cic_1/U0/i_synth/decimator.decimation_filter/int/gen_stages[0].gen_unfolded.int_comb_stage/gen_split_accum[0].gen_sum_struct.gen_sum/gen_structural.gen_no_dsp48.gen_adder[0].split_adder_n/gen_adders[63].gen_carry.i_muxcy_CARRY4/CO[3]
                         net (fo=1, routed)           0.000     3.971    system_i/cic_1/U0/i_synth/decimator.decimation_filter/int/gen_stages[0].gen_unfolded.int_comb_stage/gen_split_accum[0].gen_sum_struct.gen_sum/gen_structural.gen_no_dsp48.gen_adder[0].split_adder_n/carry_int_67
    SLICE_X12Y31         CARRY4 (Prop_carry4_CI_CO[3])
                                                      0.117     4.088 r  system_i/cic_1/U0/i_synth/decimator.decimation_filter/int/gen_stages[0].gen_unfolded.int_comb_stage/gen_split_accum[0].gen_sum_struct.gen_sum/gen_structural.gen_no_dsp48.gen_adder[0].split_adder_n/gen_adders[67].gen_carry.i_muxcy_CARRY4/CO[3]
                         net (fo=1, routed)           0.000     4.088    system_i/cic_1/U0/i_synth/decimator.decimation_filter/int/gen_stages[0].gen_unfolded.int_comb_stage/gen_split_accum[0].gen_sum_struct.gen_sum/gen_structural.gen_no_dsp48.gen_adder[0].split_adder_n/carry_int_71
    SLICE_X12Y32         CARRY4 (Prop_carry4_CI_CO[3])
                                                      0.117     4.205 r  system_i/cic_1/U0/i_synth/decimator.decimation_filter/int/gen_stages[0].gen_unfolded.int_comb_stage/gen_split_accum[0].gen_sum_struct.gen_sum/gen_structural.gen_no_dsp48.gen_adder[0].split_adder_n/gen_adders[71].gen_carry.i_muxcy_CARRY4/CO[3]
                         net (fo=1, routed)           0.000     4.205    system_i/cic_1/U0/i_synth/decimator.decimation_filter/int/gen_stages[0].gen_unfolded.int_comb_stage/gen_split_accum[0].gen_sum_struct.gen_sum/gen_structural.gen_no_dsp48.gen_adder[0].split_adder_n/carry_int_75
    SLICE_X12Y33         CARRY4 (Prop_carry4_CI_O[1])
                                                      0.323     4.528 r  system_i/cic_1/U0/i_synth/decimator.decimation_filter/int/gen_stages[0].gen_unfolded.int_comb_stage/gen_split_accum[0].gen_sum_struct.gen_sum/gen_structural.gen_no_dsp48.gen_adder[0].split_adder_n/gen_adders[75].gen_carry.i_muxcy_CARRY4/O[1]
                         net (fo=1, routed)           0.000     4.528    system_i/cic_1/U0/i_synth/decimator.decimation_filter/int/gen_stages[0].gen_unfolded.int_comb_stage/gen_split_accum[0].gen_sum_struct.gen_sum/gen_structural.gen_no_dsp48.gen_adder[0].split_adder_n/d_int_76
    SLICE_X12Y33         FDRE                                         r  system_i/cic_1/U0/i_synth/decimator.decimation_filter/int/gen_stages[0].gen_unfolded.int_comb_stage/gen_split_accum[0].gen_sum_struct.gen_sum/gen_structural.gen_no_dsp48.gen_adder[0].split_adder_n/gen_adders[76].i_reg/D
  -------------------------------------------------------------------    -------------------

                         (clock clk_out1_system_pll_0_0 rise edge)
                                                      8.000     8.000 r  
    U18                                               0.000     8.000 r  adc_clk_p_i (IN)
                         net (fo=0)                   0.000     8.000    system_i/pll_0/inst/clk_in1_p
    U18                  IBUFDS (Prop_ibufds_I_O)     0.940     8.940 r  system_i/pll_0/inst/clkin1_ibufgds/O
                         net (fo=1, routed)           1.181    10.121    system_i/pll_0/inst/clk_in1_system_pll_0_0
    PLLE2_ADV_X0Y0       PLLE2_ADV (Prop_plle2_adv_CLKIN1_CLKOUT0)
                                                     -7.650     2.470 r  system_i/pll_0/inst/plle2_adv_inst/CLKOUT0
                         net (fo=1, routed)           1.594     4.065    system_i/pll_0/inst/clk_out1_system_pll_0_0
    BUFGCTRL_X0Y0        BUFG (Prop_bufg_I_O)         0.091     4.156 r  system_i/pll_0/inst/clkout1_buf/O
                         net (fo=3003, routed)        1.500     5.656    system_i/cic_1/U0/i_synth/decimator.decimation_filter/int/gen_stages[0].gen_unfolded.int_comb_stage/gen_split_accum[0].gen_sum_struct.gen_sum/gen_structural.gen_no_dsp48.gen_adder[0].split_adder_n/aclk
    SLICE_X12Y33         FDRE                                         r  system_i/cic_1/U0/i_synth/decimator.decimation_filter/int/gen_stages[0].gen_unfolded.int_comb_stage/gen_split_accum[0].gen_sum_struct.gen_sum/gen_structural.gen_no_dsp48.gen_adder[0].split_adder_n/gen_adders[76].i_reg/C
                         clock pessimism             -0.396     5.260    
                         clock uncertainty           -0.072     5.188    
    SLICE_X12Y33         FDRE (Setup_fdre_C_D)        0.109     5.297    system_i/cic_1/U0/i_synth/decimator.decimation_filter/int/gen_stages[0].gen_unfolded.int_comb_stage/gen_split_accum[0].gen_sum_struct.gen_sum/gen_structural.gen_no_dsp48.gen_adder[0].split_adder_n/gen_adders[76].i_reg
  -------------------------------------------------------------------
                         required time                          5.297    
                         arrival time                          -4.528    
  -------------------------------------------------------------------
                         slack                                  0.770    

Slack (MET) :             0.778ns  (required time - arrival time)
  Source:                 system_i/cic_1/U0/i_synth/decimator.decimation_filter/int/gen_stages[0].gen_unfolded.int_comb_stage/gen_split_accum[0].gen_sum_struct.opcode_reg[3]/C
                            (rising edge-triggered cell FDRE clocked by clk_out1_system_pll_0_0  {rise@0.000ns fall@4.000ns period=8.000ns})
  Destination:            system_i/cic_1/U0/i_synth/decimator.decimation_filter/int/gen_stages[0].gen_unfolded.int_comb_stage/gen_split_accum[0].gen_sum_struct.gen_sum/gen_structural.gen_no_dsp48.gen_adder[0].split_adder_n/gen_adders[78].i_reg/D
                            (rising edge-triggered cell FDRE clocked by clk_out1_system_pll_0_0  {rise@0.000ns fall@4.000ns period=8.000ns})
  Path Group:             clk_out1_system_pll_0_0
  Path Type:              Setup (Max at Slow Process Corner)
  Requirement:            8.000ns  (clk_out1_system_pll_0_0 rise@8.000ns - clk_out1_system_pll_0_0 rise@0.000ns)
  Data Path Delay:        7.239ns  (logic 3.534ns (48.816%)  route 3.705ns (51.184%))
  Logic Levels:           21  (CARRY4=20 LUT3=1)
  Clock Path Skew:        -0.020ns (DCD - SCD + CPR)
    Destination Clock Delay (DCD):    -2.344ns = ( 5.656 - 8.000 ) 
    Source Clock Delay      (SCD):    -2.720ns
    Clock Pessimism Removal (CPR):    -0.396ns
  Clock Uncertainty:      0.072ns  ((TSJ^2 + DJ^2)^1/2) / 2 + PE
    Total System Jitter     (TSJ):    0.071ns
    Discrete Jitter          (DJ):    0.125ns
    Phase Error              (PE):    0.000ns

    Location             Delay type                Incr(ns)  Path(ns)    Netlist Resource(s)
  -------------------------------------------------------------------    -------------------
                         (clock clk_out1_system_pll_0_0 rise edge)
                                                      0.000     0.000 r  
    U18                                               0.000     0.000 r  adc_clk_p_i (IN)
                         net (fo=0)                   0.000     0.000    system_i/pll_0/inst/clk_in1_p
    U18                  IBUFDS (Prop_ibufds_I_O)     0.983     0.983 r  system_i/pll_0/inst/clkin1_ibufgds/O
                         net (fo=1, routed)           1.306     2.289    system_i/pll_0/inst/clk_in1_system_pll_0_0
    PLLE2_ADV_X0Y0       PLLE2_ADV (Prop_plle2_adv_CLKIN1_CLKOUT0)
                                                     -8.533    -6.244 r  system_i/pll_0/inst/plle2_adv_inst/CLKOUT0
                         net (fo=1, routed)           1.754    -4.490    system_i/pll_0/inst/clk_out1_system_pll_0_0
    BUFGCTRL_X0Y0        BUFG (Prop_bufg_I_O)         0.101    -4.389 r  system_i/pll_0/inst/clkout1_buf/O
                         net (fo=3003, routed)        1.669    -2.720    system_i/cic_1/U0/i_synth/decimator.decimation_filter/int/gen_stages[0].gen_unfolded.int_comb_stage/aclk
    SLICE_X11Y30         FDRE                                         r  system_i/cic_1/U0/i_synth/decimator.decimation_filter/int/gen_stages[0].gen_unfolded.int_comb_stage/gen_split_accum[0].gen_sum_struct.opcode_reg[3]/C
  -------------------------------------------------------------------    -------------------
    SLICE_X11Y30         FDRE (Prop_fdre_C_Q)         0.456    -2.264 r  system_i/cic_1/U0/i_synth/decimator.decimation_filter/int/gen_stages[0].gen_unfolded.int_comb_stage/gen_split_accum[0].gen_sum_struct.opcode_reg[3]/Q
                         net (fo=173, routed)         3.696     1.433    system_i/cic_1/U0/i_synth/decimator.decimation_filter/int/gen_stages[0].gen_unfolded.int_comb_stage/gen_split_accum[0].gen_sum_struct.gen_sum/gen_structural.gen_no_dsp48.gen_adder[0].split_adder_n/gen_adders[0].gen_carry.i_muxcy_1[0]
    SLICE_X12Y14         LUT3 (Prop_lut3_I2_O)        0.124     1.557 r  system_i/cic_1/U0/i_synth/decimator.decimation_filter/int/gen_stages[0].gen_unfolded.int_comb_stage/gen_split_accum[0].gen_sum_struct.gen_sum/gen_structural.gen_no_dsp48.gen_adder[0].split_adder_n/d_loc/O
                         net (fo=1, routed)           0.000     1.557    system_i/cic_1/U0/i_synth/decimator.decimation_filter/int/gen_stages[0].gen_unfolded.int_comb_stage/gen_split_accum[0].gen_sum_struct.gen_sum/gen_structural.gen_no_dsp48.gen_adder[0].split_adder_n/gen_adders[0].d_loc_reg
    SLICE_X12Y14         CARRY4 (Prop_carry4_S[1]_CO[3])
                                                      0.533     2.090 r  system_i/cic_1/U0/i_synth/decimator.decimation_filter/int/gen_stages[0].gen_unfolded.int_comb_stage/gen_split_accum[0].gen_sum_struct.gen_sum/gen_structural.gen_no_dsp48.gen_adder[0].split_adder_n/muxcy_bottom_CARRY4/CO[3]
                         net (fo=1, routed)           0.000     2.090    system_i/cic_1/U0/i_synth/decimator.decimation_filter/int/gen_stages[0].gen_unfolded.int_comb_stage/gen_split_accum[0].gen_sum_struct.gen_sum/gen_structural.gen_no_dsp48.gen_adder[0].split_adder_n/carry_int_3
    SLICE_X12Y15         CARRY4 (Prop_carry4_CI_CO[3])
                                                      0.117     2.207 r  system_i/cic_1/U0/i_synth/decimator.decimation_filter/int/gen_stages[0].gen_unfolded.int_comb_stage/gen_split_accum[0].gen_sum_struct.gen_sum/gen_structural.gen_no_dsp48.gen_adder[0].split_adder_n/gen_adders[3].gen_carry.i_muxcy_CARRY4/CO[3]
                         net (fo=1, routed)           0.000     2.207    system_i/cic_1/U0/i_synth/decimator.decimation_filter/int/gen_stages[0].gen_unfolded.int_comb_stage/gen_split_accum[0].gen_sum_struct.gen_sum/gen_structural.gen_no_dsp48.gen_adder[0].split_adder_n/carry_int_7
    SLICE_X12Y16         CARRY4 (Prop_carry4_CI_CO[3])
                                                      0.117     2.324 r  system_i/cic_1/U0/i_synth/decimator.decimation_filter/int/gen_stages[0].gen_unfolded.int_comb_stage/gen_split_accum[0].gen_sum_struct.gen_sum/gen_structural.gen_no_dsp48.gen_adder[0].split_adder_n/gen_adders[7].gen_carry.i_muxcy_CARRY4/CO[3]
                         net (fo=1, routed)           0.000     2.324    system_i/cic_1/U0/i_synth/decimator.decimation_filter/int/gen_stages[0].gen_unfolded.int_comb_stage/gen_split_accum[0].gen_sum_struct.gen_sum/gen_structural.gen_no_dsp48.gen_adder[0].split_adder_n/carry_int_11
    SLICE_X12Y17         CARRY4 (Prop_carry4_CI_CO[3])
                                                      0.117     2.441 r  system_i/cic_1/U0/i_synth/decimator.decimation_filter/int/gen_stages[0].gen_unfolded.int_comb_stage/gen_split_accum[0].gen_sum_struct.gen_sum/gen_structural.gen_no_dsp48.gen_adder[0].split_adder_n/gen_adders[11].gen_carry.i_muxcy_CARRY4/CO[3]
                         net (fo=1, routed)           0.000     2.441    system_i/cic_1/U0/i_synth/decimator.decimation_filter/int/gen_stages[0].gen_unfolded.int_comb_stage/gen_split_accum[0].gen_sum_struct.gen_sum/gen_structural.gen_no_dsp48.gen_adder[0].split_adder_n/carry_int_15
    SLICE_X12Y18         CARRY4 (Prop_carry4_CI_CO[3])
                                                      0.117     2.558 r  system_i/cic_1/U0/i_synth/decimator.decimation_filter/int/gen_stages[0].gen_unfolded.int_comb_stage/gen_split_accum[0].gen_sum_struct.gen_sum/gen_structural.gen_no_dsp48.gen_adder[0].split_adder_n/gen_adders[15].gen_carry.i_muxcy_CARRY4/CO[3]
                         net (fo=1, routed)           0.000     2.558    system_i/cic_1/U0/i_synth/decimator.decimation_filter/int/gen_stages[0].gen_unfolded.int_comb_stage/gen_split_accum[0].gen_sum_struct.gen_sum/gen_structural.gen_no_dsp48.gen_adder[0].split_adder_n/carry_int_19
    SLICE_X12Y19         CARRY4 (Prop_carry4_CI_CO[3])
                                                      0.117     2.675 r  system_i/cic_1/U0/i_synth/decimator.decimation_filter/int/gen_stages[0].gen_unfolded.int_comb_stage/gen_split_accum[0].gen_sum_struct.gen_sum/gen_structural.gen_no_dsp48.gen_adder[0].split_adder_n/gen_adders[19].gen_carry.i_muxcy_CARRY4/CO[3]
                         net (fo=1, routed)           0.000     2.675    system_i/cic_1/U0/i_synth/decimator.decimation_filter/int/gen_stages[0].gen_unfolded.int_comb_stage/gen_split_accum[0].gen_sum_struct.gen_sum/gen_structural.gen_no_dsp48.gen_adder[0].split_adder_n/carry_int_23
    SLICE_X12Y20         CARRY4 (Prop_carry4_CI_CO[3])
                                                      0.117     2.792 r  system_i/cic_1/U0/i_synth/decimator.decimation_filter/int/gen_stages[0].gen_unfolded.int_comb_stage/gen_split_accum[0].gen_sum_struct.gen_sum/gen_structural.gen_no_dsp48.gen_adder[0].split_adder_n/gen_adders[23].gen_carry.i_muxcy_CARRY4/CO[3]
                         net (fo=1, routed)           0.000     2.792    system_i/cic_1/U0/i_synth/decimator.decimation_filter/int/gen_stages[0].gen_unfolded.int_comb_stage/gen_split_accum[0].gen_sum_struct.gen_sum/gen_structural.gen_no_dsp48.gen_adder[0].split_adder_n/carry_int_27
    SLICE_X12Y21         CARRY4 (Prop_carry4_CI_CO[3])
                                                      0.117     2.909 r  system_i/cic_1/U0/i_synth/decimator.decimation_filter/int/gen_stages[0].gen_unfolded.int_comb_stage/gen_split_accum[0].gen_sum_struct.gen_sum/gen_structural.gen_no_dsp48.gen_adder[0].split_adder_n/gen_adders[27].gen_carry.i_muxcy_CARRY4/CO[3]
                         net (fo=1, routed)           0.000     2.909    system_i/cic_1/U0/i_synth/decimator.decimation_filter/int/gen_stages[0].gen_unfolded.int_comb_stage/gen_split_accum[0].gen_sum_struct.gen_sum/gen_structural.gen_no_dsp48.gen_adder[0].split_adder_n/carry_int_31
    SLICE_X12Y22         CARRY4 (Prop_carry4_CI_CO[3])
                                                      0.117     3.026 r  system_i/cic_1/U0/i_synth/decimator.decimation_filter/int/gen_stages[0].gen_unfolded.int_comb_stage/gen_split_accum[0].gen_sum_struct.gen_sum/gen_structural.gen_no_dsp48.gen_adder[0].split_adder_n/gen_adders[31].gen_carry.i_muxcy_CARRY4/CO[3]
                         net (fo=1, routed)           0.000     3.026    system_i/cic_1/U0/i_synth/decimator.decimation_filter/int/gen_stages[0].gen_unfolded.int_comb_stage/gen_split_accum[0].gen_sum_struct.gen_sum/gen_structural.gen_no_dsp48.gen_adder[0].split_adder_n/carry_int_35
    SLICE_X12Y23         CARRY4 (Prop_carry4_CI_CO[3])
                                                      0.117     3.143 r  system_i/cic_1/U0/i_synth/decimator.decimation_filter/int/gen_stages[0].gen_unfolded.int_comb_stage/gen_split_accum[0].gen_sum_struct.gen_sum/gen_structural.gen_no_dsp48.gen_adder[0].split_adder_n/gen_adders[35].gen_carry.i_muxcy_CARRY4/CO[3]
                         net (fo=1, routed)           0.000     3.143    system_i/cic_1/U0/i_synth/decimator.decimation_filter/int/gen_stages[0].gen_unfolded.int_comb_stage/gen_split_accum[0].gen_sum_struct.gen_sum/gen_structural.gen_no_dsp48.gen_adder[0].split_adder_n/carry_int_39
    SLICE_X12Y24         CARRY4 (Prop_carry4_CI_CO[3])
                                                      0.117     3.260 r  system_i/cic_1/U0/i_synth/decimator.decimation_filter/int/gen_stages[0].gen_unfolded.int_comb_stage/gen_split_accum[0].gen_sum_struct.gen_sum/gen_structural.gen_no_dsp48.gen_adder[0].split_adder_n/gen_adders[39].gen_carry.i_muxcy_CARRY4/CO[3]
                         net (fo=1, routed)           0.009     3.269    system_i/cic_1/U0/i_synth/decimator.decimation_filter/int/gen_stages[0].gen_unfolded.int_comb_stage/gen_split_accum[0].gen_sum_struct.gen_sum/gen_structural.gen_no_dsp48.gen_adder[0].split_adder_n/carry_int_43
    SLICE_X12Y25         CARRY4 (Prop_carry4_CI_CO[3])
                                                      0.117     3.386 r  system_i/cic_1/U0/i_synth/decimator.decimation_filter/int/gen_stages[0].gen_unfolded.int_comb_stage/gen_split_accum[0].gen_sum_struct.gen_sum/gen_structural.gen_no_dsp48.gen_adder[0].split_adder_n/gen_adders[43].gen_carry.i_muxcy_CARRY4/CO[3]
                         net (fo=1, routed)           0.000     3.386    system_i/cic_1/U0/i_synth/decimator.decimation_filter/int/gen_stages[0].gen_unfolded.int_comb_stage/gen_split_accum[0].gen_sum_struct.gen_sum/gen_structural.gen_no_dsp48.gen_adder[0].split_adder_n/carry_int_47
    SLICE_X12Y26         CARRY4 (Prop_carry4_CI_CO[3])
                                                      0.117     3.503 r  system_i/cic_1/U0/i_synth/decimator.decimation_filter/int/gen_stages[0].gen_unfolded.int_comb_stage/gen_split_accum[0].gen_sum_struct.gen_sum/gen_structural.gen_no_dsp48.gen_adder[0].split_adder_n/gen_adders[47].gen_carry.i_muxcy_CARRY4/CO[3]
                         net (fo=1, routed)           0.000     3.503    system_i/cic_1/U0/i_synth/decimator.decimation_filter/int/gen_stages[0].gen_unfolded.int_comb_stage/gen_split_accum[0].gen_sum_struct.gen_sum/gen_structural.gen_no_dsp48.gen_adder[0].split_adder_n/carry_int_51
    SLICE_X12Y27         CARRY4 (Prop_carry4_CI_CO[3])
                                                      0.117     3.620 r  system_i/cic_1/U0/i_synth/decimator.decimation_filter/int/gen_stages[0].gen_unfolded.int_comb_stage/gen_split_accum[0].gen_sum_struct.gen_sum/gen_structural.gen_no_dsp48.gen_adder[0].split_adder_n/gen_adders[51].gen_carry.i_muxcy_CARRY4/CO[3]
                         net (fo=1, routed)           0.000     3.620    system_i/cic_1/U0/i_synth/decimator.decimation_filter/int/gen_stages[0].gen_unfolded.int_comb_stage/gen_split_accum[0].gen_sum_struct.gen_sum/gen_structural.gen_no_dsp48.gen_adder[0].split_adder_n/carry_int_55
    SLICE_X12Y28         CARRY4 (Prop_carry4_CI_CO[3])
                                                      0.117     3.737 r  system_i/cic_1/U0/i_synth/decimator.decimation_filter/int/gen_stages[0].gen_unfolded.int_comb_stage/gen_split_accum[0].gen_sum_struct.gen_sum/gen_structural.gen_no_dsp48.gen_adder[0].split_adder_n/gen_adders[55].gen_carry.i_muxcy_CARRY4/CO[3]
                         net (fo=1, routed)           0.000     3.737    system_i/cic_1/U0/i_synth/decimator.decimation_filter/int/gen_stages[0].gen_unfolded.int_comb_stage/gen_split_accum[0].gen_sum_struct.gen_sum/gen_structural.gen_no_dsp48.gen_adder[0].split_adder_n/carry_int_59
    SLICE_X12Y29         CARRY4 (Prop_carry4_CI_CO[3])
                                                      0.117     3.854 r  system_i/cic_1/U0/i_synth/decimator.decimation_filter/int/gen_stages[0].gen_unfolded.int_comb_stage/gen_split_accum[0].gen_sum_struct.gen_sum/gen_structural.gen_no_dsp48.gen_adder[0].split_adder_n/gen_adders[59].gen_carry.i_muxcy_CARRY4/CO[3]
                         net (fo=1, routed)           0.000     3.854    system_i/cic_1/U0/i_synth/decimator.decimation_filter/int/gen_stages[0].gen_unfolded.int_comb_stage/gen_split_accum[0].gen_sum_struct.gen_sum/gen_structural.gen_no_dsp48.gen_adder[0].split_adder_n/carry_int_63
    SLICE_X12Y30         CARRY4 (Prop_carry4_CI_CO[3])
                                                      0.117     3.971 r  system_i/cic_1/U0/i_synth/decimator.decimation_filter/int/gen_stages[0].gen_unfolded.int_comb_stage/gen_split_accum[0].gen_sum_struct.gen_sum/gen_structural.gen_no_dsp48.gen_adder[0].split_adder_n/gen_adders[63].gen_carry.i_muxcy_CARRY4/CO[3]
                         net (fo=1, routed)           0.000     3.971    system_i/cic_1/U0/i_synth/decimator.decimation_filter/int/gen_stages[0].gen_unfolded.int_comb_stage/gen_split_accum[0].gen_sum_struct.gen_sum/gen_structural.gen_no_dsp48.gen_adder[0].split_adder_n/carry_int_67
    SLICE_X12Y31         CARRY4 (Prop_carry4_CI_CO[3])
                                                      0.117     4.088 r  system_i/cic_1/U0/i_synth/decimator.decimation_filter/int/gen_stages[0].gen_unfolded.int_comb_stage/gen_split_accum[0].gen_sum_struct.gen_sum/gen_structural.gen_no_dsp48.gen_adder[0].split_adder_n/gen_adders[67].gen_carry.i_muxcy_CARRY4/CO[3]
                         net (fo=1, routed)           0.000     4.088    system_i/cic_1/U0/i_synth/decimator.decimation_filter/int/gen_stages[0].gen_unfolded.int_comb_stage/gen_split_accum[0].gen_sum_struct.gen_sum/gen_structural.gen_no_dsp48.gen_adder[0].split_adder_n/carry_int_71
    SLICE_X12Y32         CARRY4 (Prop_carry4_CI_CO[3])
                                                      0.117     4.205 r  system_i/cic_1/U0/i_synth/decimator.decimation_filter/int/gen_stages[0].gen_unfolded.int_comb_stage/gen_split_accum[0].gen_sum_struct.gen_sum/gen_structural.gen_no_dsp48.gen_adder[0].split_adder_n/gen_adders[71].gen_carry.i_muxcy_CARRY4/CO[3]
                         net (fo=1, routed)           0.000     4.205    system_i/cic_1/U0/i_synth/decimator.decimation_filter/int/gen_stages[0].gen_unfolded.int_comb_stage/gen_split_accum[0].gen_sum_struct.gen_sum/gen_structural.gen_no_dsp48.gen_adder[0].split_adder_n/carry_int_75
    SLICE_X12Y33         CARRY4 (Prop_carry4_CI_O[3])
                                                      0.315     4.520 r  system_i/cic_1/U0/i_synth/decimator.decimation_filter/int/gen_stages[0].gen_unfolded.int_comb_stage/gen_split_accum[0].gen_sum_struct.gen_sum/gen_structural.gen_no_dsp48.gen_adder[0].split_adder_n/gen_adders[75].gen_carry.i_muxcy_CARRY4/O[3]
                         net (fo=1, routed)           0.000     4.520    system_i/cic_1/U0/i_synth/decimator.decimation_filter/int/gen_stages[0].gen_unfolded.int_comb_stage/gen_split_accum[0].gen_sum_struct.gen_sum/gen_structural.gen_no_dsp48.gen_adder[0].split_adder_n/d_int_78
    SLICE_X12Y33         FDRE                                         r  system_i/cic_1/U0/i_synth/decimator.decimation_filter/int/gen_stages[0].gen_unfolded.int_comb_stage/gen_split_accum[0].gen_sum_struct.gen_sum/gen_structural.gen_no_dsp48.gen_adder[0].split_adder_n/gen_adders[78].i_reg/D
  -------------------------------------------------------------------    -------------------

                         (clock clk_out1_system_pll_0_0 rise edge)
                                                      8.000     8.000 r  
    U18                                               0.000     8.000 r  adc_clk_p_i (IN)
                         net (fo=0)                   0.000     8.000    system_i/pll_0/inst/clk_in1_p
    U18                  IBUFDS (Prop_ibufds_I_O)     0.940     8.940 r  system_i/pll_0/inst/clkin1_ibufgds/O
                         net (fo=1, routed)           1.181    10.121    system_i/pll_0/inst/clk_in1_system_pll_0_0
    PLLE2_ADV_X0Y0       PLLE2_ADV (Prop_plle2_adv_CLKIN1_CLKOUT0)
                                                     -7.650     2.470 r  system_i/pll_0/inst/plle2_adv_inst/CLKOUT0
                         net (fo=1, routed)           1.594     4.065    system_i/pll_0/inst/clk_out1_system_pll_0_0
    BUFGCTRL_X0Y0        BUFG (Prop_bufg_I_O)         0.091     4.156 r  system_i/pll_0/inst/clkout1_buf/O
                         net (fo=3003, routed)        1.500     5.656    system_i/cic_1/U0/i_synth/decimator.decimation_filter/int/gen_stages[0].gen_unfolded.int_comb_stage/gen_split_accum[0].gen_sum_struct.gen_sum/gen_structural.gen_no_dsp48.gen_adder[0].split_adder_n/aclk
    SLICE_X12Y33         FDRE                                         r  system_i/cic_1/U0/i_synth/decimator.decimation_filter/int/gen_stages[0].gen_unfolded.int_comb_stage/gen_split_accum[0].gen_sum_struct.gen_sum/gen_structural.gen_no_dsp48.gen_adder[0].split_adder_n/gen_adders[78].i_reg/C
                         clock pessimism             -0.396     5.260    
                         clock uncertainty           -0.072     5.188    
    SLICE_X12Y33         FDRE (Setup_fdre_C_D)        0.109     5.297    system_i/cic_1/U0/i_synth/decimator.decimation_filter/int/gen_stages[0].gen_unfolded.int_comb_stage/gen_split_accum[0].gen_sum_struct.gen_sum/gen_structural.gen_no_dsp48.gen_adder[0].split_adder_n/gen_adders[78].i_reg
  -------------------------------------------------------------------
                         required time                          5.297    
                         arrival time                          -4.520    
  -------------------------------------------------------------------
                         slack                                  0.778    





Min Delay Paths
--------------------------------------------------------------------------------------
Slack (MET) :             0.029ns  (arrival time - required time)
  Source:                 system_i/cic_1/U0/i_synth/decimator.decimation_filter/data_in_reg[13]/C
                            (rising edge-triggered cell FDRE clocked by clk_out1_system_pll_0_0  {rise@0.000ns fall@4.000ns period=8.000ns})
  Destination:            system_i/cic_1/U0/i_synth/decimator.decimation_filter/gen_prog_rate_ip.data_in_dly_reg[13]/D
                            (rising edge-triggered cell FDRE clocked by clk_out1_system_pll_0_0  {rise@0.000ns fall@4.000ns period=8.000ns})
  Path Group:             clk_out1_system_pll_0_0
  Path Type:              Hold (Min at Fast Process Corner)
  Requirement:            0.000ns  (clk_out1_system_pll_0_0 rise@0.000ns - clk_out1_system_pll_0_0 rise@0.000ns)
  Data Path Delay:        0.357ns  (logic 0.141ns (39.542%)  route 0.216ns (60.458%))
  Logic Levels:           0  
  Clock Path Skew:        0.261ns (DCD - SCD - CPR)
    Destination Clock Delay (DCD):    -0.239ns
    Source Clock Delay      (SCD):    -0.316ns
    Clock Pessimism Removal (CPR):    -0.184ns

    Location             Delay type                Incr(ns)  Path(ns)    Netlist Resource(s)
  -------------------------------------------------------------------    -------------------
                         (clock clk_out1_system_pll_0_0 rise edge)
                                                      0.000     0.000 r  
    U18                                               0.000     0.000 r  adc_clk_p_i (IN)
                         net (fo=0)                   0.000     0.000    system_i/pll_0/inst/clk_in1_p
    U18                  IBUFDS (Prop_ibufds_I_O)     0.401     0.401 r  system_i/pll_0/inst/clkin1_ibufgds/O
                         net (fo=1, routed)           0.440     0.842    system_i/pll_0/inst/clk_in1_system_pll_0_0
    PLLE2_ADV_X0Y0       PLLE2_ADV (Prop_plle2_adv_CLKIN1_CLKOUT0)
                                                     -2.234    -1.393 r  system_i/pll_0/inst/plle2_adv_inst/CLKOUT0
                         net (fo=1, routed)           0.497    -0.896    system_i/pll_0/inst/clk_out1_system_pll_0_0
    BUFGCTRL_X0Y0        BUFG (Prop_bufg_I_O)         0.026    -0.870 r  system_i/pll_0/inst/clkout1_buf/O
                         net (fo=3003, routed)        0.554    -0.316    system_i/cic_1/U0/i_synth/decimator.decimation_filter/aclk
    SLICE_X23Y17         FDRE                                         r  system_i/cic_1/U0/i_synth/decimator.decimation_filter/data_in_reg[13]/C
  -------------------------------------------------------------------    -------------------
    SLICE_X23Y17         FDRE (Prop_fdre_C_Q)         0.141    -0.175 r  system_i/cic_1/U0/i_synth/decimator.decimation_filter/data_in_reg[13]/Q
                         net (fo=1, routed)           0.216     0.040    system_i/cic_1/U0/i_synth/decimator.decimation_filter/data_in[13]
    SLICE_X21Y19         FDRE                                         r  system_i/cic_1/U0/i_synth/decimator.decimation_filter/gen_prog_rate_ip.data_in_dly_reg[13]/D
  -------------------------------------------------------------------    -------------------

                         (clock clk_out1_system_pll_0_0 rise edge)
                                                      0.000     0.000 r  
    U18                                               0.000     0.000 r  adc_clk_p_i (IN)
                         net (fo=0)                   0.000     0.000    system_i/pll_0/inst/clk_in1_p
    U18                  IBUFDS (Prop_ibufds_I_O)     0.433     0.433 r  system_i/pll_0/inst/clkin1_ibufgds/O
                         net (fo=1, routed)           0.481     0.914    system_i/pll_0/inst/clk_in1_system_pll_0_0
    PLLE2_ADV_X0Y0       PLLE2_ADV (Prop_plle2_adv_CLKIN1_CLKOUT0)
                                                     -2.546    -1.632 r  system_i/pll_0/inst/plle2_adv_inst/CLKOUT0
                         net (fo=1, routed)           0.544    -1.088    system_i/pll_0/inst/clk_out1_system_pll_0_0
    BUFGCTRL_X0Y0        BUFG (Prop_bufg_I_O)         0.029    -1.059 r  system_i/pll_0/inst/clkout1_buf/O
                         net (fo=3003, routed)        0.820    -0.239    system_i/cic_1/U0/i_synth/decimator.decimation_filter/aclk
    SLICE_X21Y19         FDRE                                         r  system_i/cic_1/U0/i_synth/decimator.decimation_filter/gen_prog_rate_ip.data_in_dly_reg[13]/C
                         clock pessimism              0.184    -0.055    
    SLICE_X21Y19         FDRE (Hold_fdre_C_D)         0.066     0.011    system_i/cic_1/U0/i_synth/decimator.decimation_filter/gen_prog_rate_ip.data_in_dly_reg[13]
  -------------------------------------------------------------------
                         required time                         -0.011    
                         arrival time                           0.040    
  -------------------------------------------------------------------
                         slack                                  0.029    

Slack (MET) :             0.039ns  (arrival time - required time)
  Source:                 system_i/cic_1/U0/i_synth/decimator.decimation_filter/data_in_reg[9]/C
                            (rising edge-triggered cell FDRE clocked by clk_out1_system_pll_0_0  {rise@0.000ns fall@4.000ns period=8.000ns})
  Destination:            system_i/cic_1/U0/i_synth/decimator.decimation_filter/gen_prog_rate_ip.data_in_dly_reg[9]/D
                            (rising edge-triggered cell FDRE clocked by clk_out1_system_pll_0_0  {rise@0.000ns fall@4.000ns period=8.000ns})
  Path Group:             clk_out1_system_pll_0_0
  Path Type:              Hold (Min at Fast Process Corner)
  Requirement:            0.000ns  (clk_out1_system_pll_0_0 rise@0.000ns - clk_out1_system_pll_0_0 rise@0.000ns)
  Data Path Delay:        0.353ns  (logic 0.141ns (39.982%)  route 0.212ns (60.018%))
  Logic Levels:           0  
  Clock Path Skew:        0.261ns (DCD - SCD - CPR)
    Destination Clock Delay (DCD):    -0.239ns
    Source Clock Delay      (SCD):    -0.316ns
    Clock Pessimism Removal (CPR):    -0.184ns

    Location             Delay type                Incr(ns)  Path(ns)    Netlist Resource(s)
  -------------------------------------------------------------------    -------------------
                         (clock clk_out1_system_pll_0_0 rise edge)
                                                      0.000     0.000 r  
    U18                                               0.000     0.000 r  adc_clk_p_i (IN)
                         net (fo=0)                   0.000     0.000    system_i/pll_0/inst/clk_in1_p
    U18                  IBUFDS (Prop_ibufds_I_O)     0.401     0.401 r  system_i/pll_0/inst/clkin1_ibufgds/O
                         net (fo=1, routed)           0.440     0.842    system_i/pll_0/inst/clk_in1_system_pll_0_0
    PLLE2_ADV_X0Y0       PLLE2_ADV (Prop_plle2_adv_CLKIN1_CLKOUT0)
                                                     -2.234    -1.393 r  system_i/pll_0/inst/plle2_adv_inst/CLKOUT0
                         net (fo=1, routed)           0.497    -0.896    system_i/pll_0/inst/clk_out1_system_pll_0_0
    BUFGCTRL_X0Y0        BUFG (Prop_bufg_I_O)         0.026    -0.870 r  system_i/pll_0/inst/clkout1_buf/O
                         net (fo=3003, routed)        0.554    -0.316    system_i/cic_1/U0/i_synth/decimator.decimation_filter/aclk
    SLICE_X22Y17         FDRE                                         r  system_i/cic_1/U0/i_synth/decimator.decimation_filter/data_in_reg[9]/C
  -------------------------------------------------------------------    -------------------
    SLICE_X22Y17         FDRE (Prop_fdre_C_Q)         0.141    -0.175 r  system_i/cic_1/U0/i_synth/decimator.decimation_filter/data_in_reg[9]/Q
                         net (fo=1, routed)           0.212     0.036    system_i/cic_1/U0/i_synth/decimator.decimation_filter/data_in[9]
    SLICE_X20Y19         FDRE                                         r  system_i/cic_1/U0/i_synth/decimator.decimation_filter/gen_prog_rate_ip.data_in_dly_reg[9]/D
  -------------------------------------------------------------------    -------------------

                         (clock clk_out1_system_pll_0_0 rise edge)
                                                      0.000     0.000 r  
    U18                                               0.000     0.000 r  adc_clk_p_i (IN)
                         net (fo=0)                   0.000     0.000    system_i/pll_0/inst/clk_in1_p
    U18                  IBUFDS (Prop_ibufds_I_O)     0.433     0.433 r  system_i/pll_0/inst/clkin1_ibufgds/O
                         net (fo=1, routed)           0.481     0.914    system_i/pll_0/inst/clk_in1_system_pll_0_0
    PLLE2_ADV_X0Y0       PLLE2_ADV (Prop_plle2_adv_CLKIN1_CLKOUT0)
                                                     -2.546    -1.632 r  system_i/pll_0/inst/plle2_adv_inst/CLKOUT0
                         net (fo=1, routed)           0.544    -1.088    system_i/pll_0/inst/clk_out1_system_pll_0_0
    BUFGCTRL_X0Y0        BUFG (Prop_bufg_I_O)         0.029    -1.059 r  system_i/pll_0/inst/clkout1_buf/O
                         net (fo=3003, routed)        0.820    -0.239    system_i/cic_1/U0/i_synth/decimator.decimation_filter/aclk
    SLICE_X20Y19         FDRE                                         r  system_i/cic_1/U0/i_synth/decimator.decimation_filter/gen_prog_rate_ip.data_in_dly_reg[9]/C
                         clock pessimism              0.184    -0.055    
    SLICE_X20Y19         FDRE (Hold_fdre_C_D)         0.052    -0.003    system_i/cic_1/U0/i_synth/decimator.decimation_filter/gen_prog_rate_ip.data_in_dly_reg[9]
  -------------------------------------------------------------------
                         required time                          0.003    
                         arrival time                           0.036    
  -------------------------------------------------------------------
                         slack                                  0.039    

Slack (MET) :             0.045ns  (arrival time - required time)
  Source:                 system_i/cic_1/U0/i_synth/decimator.decimation_filter/comb/gen_stages[0].gen_folded.int_comb_stage/gen_split_accum[0].gen_comb_mem_src.mem_src_reg[15]/C
                            (rising edge-triggered cell FDRE clocked by clk_out1_system_pll_0_0  {rise@0.000ns fall@4.000ns period=8.000ns})
  Destination:            system_i/cic_1/U0/i_synth/decimator.decimation_filter/comb/gen_stages[0].gen_folded.int_comb_stage/gen_split_accum[0].gen_mem/gen_dly.gen_shiftreg.gen_rtl_delay.delay_bus_reg[2][15]_srl3/D
                            (rising edge-triggered cell SRL16E clocked by clk_out1_system_pll_0_0  {rise@0.000ns fall@4.000ns period=8.000ns})
  Path Group:             clk_out1_system_pll_0_0
  Path Type:              Hold (Min at Fast Process Corner)
  Requirement:            0.000ns  (clk_out1_system_pll_0_0 rise@0.000ns - clk_out1_system_pll_0_0 rise@0.000ns)
  Data Path Delay:        0.243ns  (logic 0.141ns (58.024%)  route 0.102ns (41.976%))
  Logic Levels:           0  
  Clock Path Skew:        0.015ns (DCD - SCD - CPR)
    Destination Clock Delay (DCD):    -0.211ns
    Source Clock Delay      (SCD):    -0.289ns
    Clock Pessimism Removal (CPR):    0.063ns

    Location             Delay type                Incr(ns)  Path(ns)    Netlist Resource(s)
  -------------------------------------------------------------------    -------------------
                         (clock clk_out1_system_pll_0_0 rise edge)
                                                      0.000     0.000 r  
    U18                                               0.000     0.000 r  adc_clk_p_i (IN)
                         net (fo=0)                   0.000     0.000    system_i/pll_0/inst/clk_in1_p
    U18                  IBUFDS (Prop_ibufds_I_O)     0.401     0.401 r  system_i/pll_0/inst/clkin1_ibufgds/O
                         net (fo=1, routed)           0.440     0.842    system_i/pll_0/inst/clk_in1_system_pll_0_0
    PLLE2_ADV_X0Y0       PLLE2_ADV (Prop_plle2_adv_CLKIN1_CLKOUT0)
                                                     -2.234    -1.393 r  system_i/pll_0/inst/plle2_adv_inst/CLKOUT0
                         net (fo=1, routed)           0.497    -0.896    system_i/pll_0/inst/clk_out1_system_pll_0_0
    BUFGCTRL_X0Y0        BUFG (Prop_bufg_I_O)         0.026    -0.870 r  system_i/pll_0/inst/clkout1_buf/O
                         net (fo=3003, routed)        0.581    -0.289    system_i/cic_1/U0/i_synth/decimator.decimation_filter/comb/gen_stages[0].gen_folded.int_comb_stage/aclk
    SLICE_X3Y36          FDRE                                         r  system_i/cic_1/U0/i_synth/decimator.decimation_filter/comb/gen_stages[0].gen_folded.int_comb_stage/gen_split_accum[0].gen_comb_mem_src.mem_src_reg[15]/C
  -------------------------------------------------------------------    -------------------
    SLICE_X3Y36          FDRE (Prop_fdre_C_Q)         0.141    -0.148 r  system_i/cic_1/U0/i_synth/decimator.decimation_filter/comb/gen_stages[0].gen_folded.int_comb_stage/gen_split_accum[0].gen_comb_mem_src.mem_src_reg[15]/Q
                         net (fo=1, routed)           0.102    -0.046    system_i/cic_1/U0/i_synth/decimator.decimation_filter/comb/gen_stages[0].gen_folded.int_comb_stage/gen_split_accum[0].gen_mem/Q[15]
    SLICE_X4Y36          SRL16E                                       r  system_i/cic_1/U0/i_synth/decimator.decimation_filter/comb/gen_stages[0].gen_folded.int_comb_stage/gen_split_accum[0].gen_mem/gen_dly.gen_shiftreg.gen_rtl_delay.delay_bus_reg[2][15]_srl3/D
  -------------------------------------------------------------------    -------------------

                         (clock clk_out1_system_pll_0_0 rise edge)
                                                      0.000     0.000 r  
    U18                                               0.000     0.000 r  adc_clk_p_i (IN)
                         net (fo=0)                   0.000     0.000    system_i/pll_0/inst/clk_in1_p
    U18                  IBUFDS (Prop_ibufds_I_O)     0.433     0.433 r  system_i/pll_0/inst/clkin1_ibufgds/O
                         net (fo=1, routed)           0.481     0.914    system_i/pll_0/inst/clk_in1_system_pll_0_0
    PLLE2_ADV_X0Y0       PLLE2_ADV (Prop_plle2_adv_CLKIN1_CLKOUT0)
                                                     -2.546    -1.632 r  system_i/pll_0/inst/plle2_adv_inst/CLKOUT0
                         net (fo=1, routed)           0.544    -1.088    system_i/pll_0/inst/clk_out1_system_pll_0_0
    BUFGCTRL_X0Y0        BUFG (Prop_bufg_I_O)         0.029    -1.059 r  system_i/pll_0/inst/clkout1_buf/O
                         net (fo=3003, routed)        0.848    -0.211    system_i/cic_1/U0/i_synth/decimator.decimation_filter/comb/gen_stages[0].gen_folded.int_comb_stage/gen_split_accum[0].gen_mem/aclk
    SLICE_X4Y36          SRL16E                                       r  system_i/cic_1/U0/i_synth/decimator.decimation_filter/comb/gen_stages[0].gen_folded.int_comb_stage/gen_split_accum[0].gen_mem/gen_dly.gen_shiftreg.gen_rtl_delay.delay_bus_reg[2][15]_srl3/CLK
                         clock pessimism             -0.063    -0.274    
    SLICE_X4Y36          SRL16E (Hold_srl16e_CLK_D)
                                                      0.183    -0.091    system_i/cic_1/U0/i_synth/decimator.decimation_filter/comb/gen_stages[0].gen_folded.int_comb_stage/gen_split_accum[0].gen_mem/gen_dly.gen_shiftreg.gen_rtl_delay.delay_bus_reg[2][15]_srl3
  -------------------------------------------------------------------
                         required time                          0.091    
                         arrival time                          -0.046    
  -------------------------------------------------------------------
                         slack                                  0.045    

Slack (MET) :             0.047ns  (arrival time - required time)
  Source:                 system_i/cic_1/U0/i_synth/decimator.decimation_filter/data_in_reg[2]/C
                            (rising edge-triggered cell FDRE clocked by clk_out1_system_pll_0_0  {rise@0.000ns fall@4.000ns period=8.000ns})
  Destination:            system_i/cic_1/U0/i_synth/decimator.decimation_filter/gen_prog_rate_ip.data_in_dly_reg[2]/D
                            (rising edge-triggered cell FDRE clocked by clk_out1_system_pll_0_0  {rise@0.000ns fall@4.000ns period=8.000ns})
  Path Group:             clk_out1_system_pll_0_0
  Path Type:              Hold (Min at Fast Process Corner)
  Requirement:            0.000ns  (clk_out1_system_pll_0_0 rise@0.000ns - clk_out1_system_pll_0_0 rise@0.000ns)
  Data Path Delay:        0.380ns  (logic 0.141ns (37.120%)  route 0.239ns (62.880%))
  Logic Levels:           0  
  Clock Path Skew:        0.262ns (DCD - SCD - CPR)
    Destination Clock Delay (DCD):    -0.237ns
    Source Clock Delay      (SCD):    -0.315ns
    Clock Pessimism Removal (CPR):    -0.184ns

    Location             Delay type                Incr(ns)  Path(ns)    Netlist Resource(s)
  -------------------------------------------------------------------    -------------------
                         (clock clk_out1_system_pll_0_0 rise edge)
                                                      0.000     0.000 r  
    U18                                               0.000     0.000 r  adc_clk_p_i (IN)
                         net (fo=0)                   0.000     0.000    system_i/pll_0/inst/clk_in1_p
    U18                  IBUFDS (Prop_ibufds_I_O)     0.401     0.401 r  system_i/pll_0/inst/clkin1_ibufgds/O
                         net (fo=1, routed)           0.440     0.842    system_i/pll_0/inst/clk_in1_system_pll_0_0
    PLLE2_ADV_X0Y0       PLLE2_ADV (Prop_plle2_adv_CLKIN1_CLKOUT0)
                                                     -2.234    -1.393 r  system_i/pll_0/inst/plle2_adv_inst/CLKOUT0
                         net (fo=1, routed)           0.497    -0.896    system_i/pll_0/inst/clk_out1_system_pll_0_0
    BUFGCTRL_X0Y0        BUFG (Prop_bufg_I_O)         0.026    -0.870 r  system_i/pll_0/inst/clkout1_buf/O
                         net (fo=3003, routed)        0.555    -0.315    system_i/cic_1/U0/i_synth/decimator.decimation_filter/aclk
    SLICE_X22Y16         FDRE                                         r  system_i/cic_1/U0/i_synth/decimator.decimation_filter/data_in_reg[2]/C
  -------------------------------------------------------------------    -------------------
    SLICE_X22Y16         FDRE (Prop_fdre_C_Q)         0.141    -0.174 r  system_i/cic_1/U0/i_synth/decimator.decimation_filter/data_in_reg[2]/Q
                         net (fo=1, routed)           0.239     0.065    system_i/cic_1/U0/i_synth/decimator.decimation_filter/data_in[2]
    SLICE_X19Y18         FDRE                                         r  system_i/cic_1/U0/i_synth/decimator.decimation_filter/gen_prog_rate_ip.data_in_dly_reg[2]/D
  -------------------------------------------------------------------    -------------------

                         (clock clk_out1_system_pll_0_0 rise edge)
                                                      0.000     0.000 r  
    U18                                               0.000     0.000 r  adc_clk_p_i (IN)
                         net (fo=0)                   0.000     0.000    system_i/pll_0/inst/clk_in1_p
    U18                  IBUFDS (Prop_ibufds_I_O)     0.433     0.433 r  system_i/pll_0/inst/clkin1_ibufgds/O
                         net (fo=1, routed)           0.481     0.914    system_i/pll_0/inst/clk_in1_system_pll_0_0
    PLLE2_ADV_X0Y0       PLLE2_ADV (Prop_plle2_adv_CLKIN1_CLKOUT0)
                                                     -2.546    -1.632 r  system_i/pll_0/inst/plle2_adv_inst/CLKOUT0
                         net (fo=1, routed)           0.544    -1.088    system_i/pll_0/inst/clk_out1_system_pll_0_0
    BUFGCTRL_X0Y0        BUFG (Prop_bufg_I_O)         0.029    -1.059 r  system_i/pll_0/inst/clkout1_buf/O
                         net (fo=3003, routed)        0.822    -0.237    system_i/cic_1/U0/i_synth/decimator.decimation_filter/aclk
    SLICE_X19Y18         FDRE                                         r  system_i/cic_1/U0/i_synth/decimator.decimation_filter/gen_prog_rate_ip.data_in_dly_reg[2]/C
                         clock pessimism              0.184    -0.053    
    SLICE_X19Y18         FDRE (Hold_fdre_C_D)         0.070     0.017    system_i/cic_1/U0/i_synth/decimator.decimation_filter/gen_prog_rate_ip.data_in_dly_reg[2]
  -------------------------------------------------------------------
                         required time                         -0.017    
                         arrival time                           0.065    
  -------------------------------------------------------------------
                         slack                                  0.047    

Slack (MET) :             0.050ns  (arrival time - required time)
  Source:                 system_i/cic_1/U0/i_synth/decimator.decimation_filter/data_in_reg[5]/C
                            (rising edge-triggered cell FDRE clocked by clk_out1_system_pll_0_0  {rise@0.000ns fall@4.000ns period=8.000ns})
  Destination:            system_i/cic_1/U0/i_synth/decimator.decimation_filter/gen_prog_rate_ip.data_in_dly_reg[5]/D
                            (rising edge-triggered cell FDRE clocked by clk_out1_system_pll_0_0  {rise@0.000ns fall@4.000ns period=8.000ns})
  Path Group:             clk_out1_system_pll_0_0
  Path Type:              Hold (Min at Fast Process Corner)
  Requirement:            0.000ns  (clk_out1_system_pll_0_0 rise@0.000ns - clk_out1_system_pll_0_0 rise@0.000ns)
  Data Path Delay:        0.381ns  (logic 0.141ns (36.993%)  route 0.240ns (63.007%))
  Logic Levels:           0  
  Clock Path Skew:        0.265ns (DCD - SCD - CPR)
    Destination Clock Delay (DCD):    -0.237ns
    Source Clock Delay      (SCD):    -0.318ns
    Clock Pessimism Removal (CPR):    -0.184ns

    Location             Delay type                Incr(ns)  Path(ns)    Netlist Resource(s)
  -------------------------------------------------------------------    -------------------
                         (clock clk_out1_system_pll_0_0 rise edge)
                                                      0.000     0.000 r  
    U18                                               0.000     0.000 r  adc_clk_p_i (IN)
                         net (fo=0)                   0.000     0.000    system_i/pll_0/inst/clk_in1_p
    U18                  IBUFDS (Prop_ibufds_I_O)     0.401     0.401 r  system_i/pll_0/inst/clkin1_ibufgds/O
                         net (fo=1, routed)           0.440     0.842    system_i/pll_0/inst/clk_in1_system_pll_0_0
    PLLE2_ADV_X0Y0       PLLE2_ADV (Prop_plle2_adv_CLKIN1_CLKOUT0)
                                                     -2.234    -1.393 r  system_i/pll_0/inst/plle2_adv_inst/CLKOUT0
                         net (fo=1, routed)           0.497    -0.896    system_i/pll_0/inst/clk_out1_system_pll_0_0
    BUFGCTRL_X0Y0        BUFG (Prop_bufg_I_O)         0.026    -0.870 r  system_i/pll_0/inst/clkout1_buf/O
                         net (fo=3003, routed)        0.552    -0.318    system_i/cic_1/U0/i_synth/decimator.decimation_filter/aclk
    SLICE_X22Y19         FDRE                                         r  system_i/cic_1/U0/i_synth/decimator.decimation_filter/data_in_reg[5]/C
  -------------------------------------------------------------------    -------------------
    SLICE_X22Y19         FDRE (Prop_fdre_C_Q)         0.141    -0.177 r  system_i/cic_1/U0/i_synth/decimator.decimation_filter/data_in_reg[5]/Q
                         net (fo=1, routed)           0.240     0.063    system_i/cic_1/U0/i_synth/decimator.decimation_filter/data_in[5]
    SLICE_X19Y18         FDRE                                         r  system_i/cic_1/U0/i_synth/decimator.decimation_filter/gen_prog_rate_ip.data_in_dly_reg[5]/D
  -------------------------------------------------------------------    -------------------

                         (clock clk_out1_system_pll_0_0 rise edge)
                                                      0.000     0.000 r  
    U18                                               0.000     0.000 r  adc_clk_p_i (IN)
                         net (fo=0)                   0.000     0.000    system_i/pll_0/inst/clk_in1_p
    U18                  IBUFDS (Prop_ibufds_I_O)     0.433     0.433 r  system_i/pll_0/inst/clkin1_ibufgds/O
                         net (fo=1, routed)           0.481     0.914    system_i/pll_0/inst/clk_in1_system_pll_0_0
    PLLE2_ADV_X0Y0       PLLE2_ADV (Prop_plle2_adv_CLKIN1_CLKOUT0)
                                                     -2.546    -1.632 r  system_i/pll_0/inst/plle2_adv_inst/CLKOUT0
                         net (fo=1, routed)           0.544    -1.088    system_i/pll_0/inst/clk_out1_system_pll_0_0
    BUFGCTRL_X0Y0        BUFG (Prop_bufg_I_O)         0.029    -1.059 r  system_i/pll_0/inst/clkout1_buf/O
                         net (fo=3003, routed)        0.822    -0.237    system_i/cic_1/U0/i_synth/decimator.decimation_filter/aclk
    SLICE_X19Y18         FDRE                                         r  system_i/cic_1/U0/i_synth/decimator.decimation_filter/gen_prog_rate_ip.data_in_dly_reg[5]/C
                         clock pessimism              0.184    -0.053    
    SLICE_X19Y18         FDRE (Hold_fdre_C_D)         0.066     0.013    system_i/cic_1/U0/i_synth/decimator.decimation_filter/gen_prog_rate_ip.data_in_dly_reg[5]
  -------------------------------------------------------------------
                         required time                         -0.013    
                         arrival time                           0.063    
  -------------------------------------------------------------------
                         slack                                  0.050    

Slack (MET) :             0.051ns  (arrival time - required time)
  Source:                 system_i/cic_1/U0/i_synth/decimator.decimation_filter/data_in_reg[12]/C
                            (rising edge-triggered cell FDRE clocked by clk_out1_system_pll_0_0  {rise@0.000ns fall@4.000ns period=8.000ns})
  Destination:            system_i/cic_1/U0/i_synth/decimator.decimation_filter/gen_prog_rate_ip.data_in_dly_reg[12]/D
                            (rising edge-triggered cell FDRE clocked by clk_out1_system_pll_0_0  {rise@0.000ns fall@4.000ns period=8.000ns})
  Path Group:             clk_out1_system_pll_0_0
  Path Type:              Hold (Min at Fast Process Corner)
  Requirement:            0.000ns  (clk_out1_system_pll_0_0 rise@0.000ns - clk_out1_system_pll_0_0 rise@0.000ns)
  Data Path Delay:        0.372ns  (logic 0.141ns (37.915%)  route 0.231ns (62.085%))
  Logic Levels:           0  
  Clock Path Skew:        0.261ns (DCD - SCD - CPR)
    Destination Clock Delay (DCD):    -0.241ns
    Source Clock Delay      (SCD):    -0.318ns
    Clock Pessimism Removal (CPR):    -0.184ns

    Location             Delay type                Incr(ns)  Path(ns)    Netlist Resource(s)
  -------------------------------------------------------------------    -------------------
                         (clock clk_out1_system_pll_0_0 rise edge)
                                                      0.000     0.000 r  
    U18                                               0.000     0.000 r  adc_clk_p_i (IN)
                         net (fo=0)                   0.000     0.000    system_i/pll_0/inst/clk_in1_p
    U18                  IBUFDS (Prop_ibufds_I_O)     0.401     0.401 r  system_i/pll_0/inst/clkin1_ibufgds/O
                         net (fo=1, routed)           0.440     0.842    system_i/pll_0/inst/clk_in1_system_pll_0_0
    PLLE2_ADV_X0Y0       PLLE2_ADV (Prop_plle2_adv_CLKIN1_CLKOUT0)
                                                     -2.234    -1.393 r  system_i/pll_0/inst/plle2_adv_inst/CLKOUT0
                         net (fo=1, routed)           0.497    -0.896    system_i/pll_0/inst/clk_out1_system_pll_0_0
    BUFGCTRL_X0Y0        BUFG (Prop_bufg_I_O)         0.026    -0.870 r  system_i/pll_0/inst/clkout1_buf/O
                         net (fo=3003, routed)        0.552    -0.318    system_i/cic_1/U0/i_synth/decimator.decimation_filter/aclk
    SLICE_X22Y19         FDRE                                         r  system_i/cic_1/U0/i_synth/decimator.decimation_filter/data_in_reg[12]/C
  -------------------------------------------------------------------    -------------------
    SLICE_X22Y19         FDRE (Prop_fdre_C_Q)         0.141    -0.177 r  system_i/cic_1/U0/i_synth/decimator.decimation_filter/data_in_reg[12]/Q
                         net (fo=1, routed)           0.231     0.054    system_i/cic_1/U0/i_synth/decimator.decimation_filter/data_in[12]
    SLICE_X20Y21         FDRE                                         r  system_i/cic_1/U0/i_synth/decimator.decimation_filter/gen_prog_rate_ip.data_in_dly_reg[12]/D
  -------------------------------------------------------------------    -------------------

                         (clock clk_out1_system_pll_0_0 rise edge)
                                                      0.000     0.000 r  
    U18                                               0.000     0.000 r  adc_clk_p_i (IN)
                         net (fo=0)                   0.000     0.000    system_i/pll_0/inst/clk_in1_p
    U18                  IBUFDS (Prop_ibufds_I_O)     0.433     0.433 r  system_i/pll_0/inst/clkin1_ibufgds/O
                         net (fo=1, routed)           0.481     0.914    system_i/pll_0/inst/clk_in1_system_pll_0_0
    PLLE2_ADV_X0Y0       PLLE2_ADV (Prop_plle2_adv_CLKIN1_CLKOUT0)
                                                     -2.546    -1.632 r  system_i/pll_0/inst/plle2_adv_inst/CLKOUT0
                         net (fo=1, routed)           0.544    -1.088    system_i/pll_0/inst/clk_out1_system_pll_0_0
    BUFGCTRL_X0Y0        BUFG (Prop_bufg_I_O)         0.029    -1.059 r  system_i/pll_0/inst/clkout1_buf/O
                         net (fo=3003, routed)        0.818    -0.241    system_i/cic_1/U0/i_synth/decimator.decimation_filter/aclk
    SLICE_X20Y21         FDRE                                         r  system_i/cic_1/U0/i_synth/decimator.decimation_filter/gen_prog_rate_ip.data_in_dly_reg[12]/C
                         clock pessimism              0.184    -0.057    
    SLICE_X20Y21         FDRE (Hold_fdre_C_D)         0.059     0.002    system_i/cic_1/U0/i_synth/decimator.decimation_filter/gen_prog_rate_ip.data_in_dly_reg[12]
  -------------------------------------------------------------------
                         required time                         -0.002    
                         arrival time                           0.054    
  -------------------------------------------------------------------
                         slack                                  0.051    

Slack (MET) :             0.052ns  (arrival time - required time)
  Source:                 system_i/cic_0/U0/i_synth/decimator.decimation_filter/int/gen_stages[0].gen_unfolded.int_comb_stage/gen_nd_out_dly/gen_rtl.gen_dly.gen_regs.delay_bus_reg[1]/C
                            (rising edge-triggered cell FDRE clocked by clk_out1_system_pll_0_0  {rise@0.000ns fall@4.000ns period=8.000ns})
  Destination:            system_i/cic_0/U0/i_synth/decimator.decimation_filter/int/gen_stages[1].gen_unfolded.int_comb_stage/gen_split_accum[0].gen_sum_struct.opcode_reg[3]/D
                            (rising edge-triggered cell FDRE clocked by clk_out1_system_pll_0_0  {rise@0.000ns fall@4.000ns period=8.000ns})
  Path Group:             clk_out1_system_pll_0_0
  Path Type:              Hold (Min at Fast Process Corner)
  Requirement:            0.000ns  (clk_out1_system_pll_0_0 rise@0.000ns - clk_out1_system_pll_0_0 rise@0.000ns)
  Data Path Delay:        0.382ns  (logic 0.164ns (42.929%)  route 0.218ns (57.071%))
  Logic Levels:           0  
  Clock Path Skew:        0.260ns (DCD - SCD - CPR)
    Destination Clock Delay (DCD):    -0.236ns
    Source Clock Delay      (SCD):    -0.312ns
    Clock Pessimism Removal (CPR):    -0.184ns

    Location             Delay type                Incr(ns)  Path(ns)    Netlist Resource(s)
  -------------------------------------------------------------------    -------------------
                         (clock clk_out1_system_pll_0_0 rise edge)
                                                      0.000     0.000 r  
    U18                                               0.000     0.000 r  adc_clk_p_i (IN)
                         net (fo=0)                   0.000     0.000    system_i/pll_0/inst/clk_in1_p
    U18                  IBUFDS (Prop_ibufds_I_O)     0.401     0.401 r  system_i/pll_0/inst/clkin1_ibufgds/O
                         net (fo=1, routed)           0.440     0.842    system_i/pll_0/inst/clk_in1_system_pll_0_0
    PLLE2_ADV_X0Y0       PLLE2_ADV (Prop_plle2_adv_CLKIN1_CLKOUT0)
                                                     -2.234    -1.393 r  system_i/pll_0/inst/plle2_adv_inst/CLKOUT0
                         net (fo=1, routed)           0.497    -0.896    system_i/pll_0/inst/clk_out1_system_pll_0_0
    BUFGCTRL_X0Y0        BUFG (Prop_bufg_I_O)         0.026    -0.870 r  system_i/pll_0/inst/clkout1_buf/O
                         net (fo=3003, routed)        0.558    -0.312    system_i/cic_0/U0/i_synth/decimator.decimation_filter/int/gen_stages[0].gen_unfolded.int_comb_stage/gen_nd_out_dly/aclk
    SLICE_X20Y38         FDRE                                         r  system_i/cic_0/U0/i_synth/decimator.decimation_filter/int/gen_stages[0].gen_unfolded.int_comb_stage/gen_nd_out_dly/gen_rtl.gen_dly.gen_regs.delay_bus_reg[1]/C
  -------------------------------------------------------------------    -------------------
    SLICE_X20Y38         FDRE (Prop_fdre_C_Q)         0.164    -0.148 r  system_i/cic_0/U0/i_synth/decimator.decimation_filter/int/gen_stages[0].gen_unfolded.int_comb_stage/gen_nd_out_dly/gen_rtl.gen_dly.gen_regs.delay_bus_reg[1]/Q
                         net (fo=2, routed)           0.218     0.070    system_i/cic_0/U0/i_synth/decimator.decimation_filter/int/gen_stages[1].gen_unfolded.int_comb_stage/nd_array_1
    SLICE_X23Y36         FDRE                                         r  system_i/cic_0/U0/i_synth/decimator.decimation_filter/int/gen_stages[1].gen_unfolded.int_comb_stage/gen_split_accum[0].gen_sum_struct.opcode_reg[3]/D
  -------------------------------------------------------------------    -------------------

                         (clock clk_out1_system_pll_0_0 rise edge)
                                                      0.000     0.000 r  
    U18                                               0.000     0.000 r  adc_clk_p_i (IN)
                         net (fo=0)                   0.000     0.000    system_i/pll_0/inst/clk_in1_p
    U18                  IBUFDS (Prop_ibufds_I_O)     0.433     0.433 r  system_i/pll_0/inst/clkin1_ibufgds/O
                         net (fo=1, routed)           0.481     0.914    system_i/pll_0/inst/clk_in1_system_pll_0_0
    PLLE2_ADV_X0Y0       PLLE2_ADV (Prop_plle2_adv_CLKIN1_CLKOUT0)
                                                     -2.546    -1.632 r  system_i/pll_0/inst/plle2_adv_inst/CLKOUT0
                         net (fo=1, routed)           0.544    -1.088    system_i/pll_0/inst/clk_out1_system_pll_0_0
    BUFGCTRL_X0Y0        BUFG (Prop_bufg_I_O)         0.029    -1.059 r  system_i/pll_0/inst/clkout1_buf/O
                         net (fo=3003, routed)        0.823    -0.236    system_i/cic_0/U0/i_synth/decimator.decimation_filter/int/gen_stages[1].gen_unfolded.int_comb_stage/aclk
    SLICE_X23Y36         FDRE                                         r  system_i/cic_0/U0/i_synth/decimator.decimation_filter/int/gen_stages[1].gen_unfolded.int_comb_stage/gen_split_accum[0].gen_sum_struct.opcode_reg[3]/C
                         clock pessimism              0.184    -0.052    
    SLICE_X23Y36         FDRE (Hold_fdre_C_D)         0.070     0.018    system_i/cic_0/U0/i_synth/decimator.decimation_filter/int/gen_stages[1].gen_unfolded.int_comb_stage/gen_split_accum[0].gen_sum_struct.opcode_reg[3]
  -------------------------------------------------------------------
                         required time                         -0.018    
                         arrival time                           0.070    
  -------------------------------------------------------------------
                         slack                                  0.052    

Slack (MET) :             0.055ns  (arrival time - required time)
  Source:                 system_i/cic_0/U0/i_synth/decimator.decimation_filter/comb/gen_stages[1].gen_unfolded.int_comb_stage/gen_split_accum[0].gen_sum_struct.gen_sum/gen_structural.gen_no_dsp48.gen_adder[0].split_adder_n/gen_adders[18].i_reg/C
                            (rising edge-triggered cell FDRE clocked by clk_out1_system_pll_0_0  {rise@0.000ns fall@4.000ns period=8.000ns})
  Destination:            system_i/cic_0/U0/i_synth/decimator.decimation_filter/DOUT_reg[15]/D
                            (rising edge-triggered cell FDRE clocked by clk_out1_system_pll_0_0  {rise@0.000ns fall@4.000ns period=8.000ns})
  Path Group:             clk_out1_system_pll_0_0
  Path Type:              Hold (Min at Fast Process Corner)
  Requirement:            0.000ns  (clk_out1_system_pll_0_0 rise@0.000ns - clk_out1_system_pll_0_0 rise@0.000ns)
  Data Path Delay:        0.386ns  (logic 0.141ns (36.557%)  route 0.245ns (63.443%))
  Logic Levels:           0  
  Clock Path Skew:        0.270ns (DCD - SCD - CPR)
    Destination Clock Delay (DCD):    -0.224ns
    Source Clock Delay      (SCD):    -0.305ns
    Clock Pessimism Removal (CPR):    -0.189ns

    Location             Delay type                Incr(ns)  Path(ns)    Netlist Resource(s)
  -------------------------------------------------------------------    -------------------
                         (clock clk_out1_system_pll_0_0 rise edge)
                                                      0.000     0.000 r  
    U18                                               0.000     0.000 r  adc_clk_p_i (IN)
                         net (fo=0)                   0.000     0.000    system_i/pll_0/inst/clk_in1_p
    U18                  IBUFDS (Prop_ibufds_I_O)     0.401     0.401 r  system_i/pll_0/inst/clkin1_ibufgds/O
                         net (fo=1, routed)           0.440     0.842    system_i/pll_0/inst/clk_in1_system_pll_0_0
    PLLE2_ADV_X0Y0       PLLE2_ADV (Prop_plle2_adv_CLKIN1_CLKOUT0)
                                                     -2.234    -1.393 r  system_i/pll_0/inst/plle2_adv_inst/CLKOUT0
                         net (fo=1, routed)           0.497    -0.896    system_i/pll_0/inst/clk_out1_system_pll_0_0
    BUFGCTRL_X0Y0        BUFG (Prop_bufg_I_O)         0.026    -0.870 r  system_i/pll_0/inst/clkout1_buf/O
                         net (fo=3003, routed)        0.565    -0.305    system_i/cic_0/U0/i_synth/decimator.decimation_filter/comb/gen_stages[1].gen_unfolded.int_comb_stage/gen_split_accum[0].gen_sum_struct.gen_sum/gen_structural.gen_no_dsp48.gen_adder[0].split_adder_n/aclk
    SLICE_X9Y50          FDRE                                         r  system_i/cic_0/U0/i_synth/decimator.decimation_filter/comb/gen_stages[1].gen_unfolded.int_comb_stage/gen_split_accum[0].gen_sum_struct.gen_sum/gen_structural.gen_no_dsp48.gen_adder[0].split_adder_n/gen_adders[18].i_reg/C
  -------------------------------------------------------------------    -------------------
    SLICE_X9Y50          FDRE (Prop_fdre_C_Q)         0.141    -0.164 r  system_i/cic_0/U0/i_synth/decimator.decimation_filter/comb/gen_stages[1].gen_unfolded.int_comb_stage/gen_split_accum[0].gen_sum_struct.gen_sum/gen_structural.gen_no_dsp48.gen_adder[0].split_adder_n/gen_adders[18].i_reg/Q
                         net (fo=2, routed)           0.245     0.080    system_i/cic_0/U0/i_synth/decimator.decimation_filter/comb_out[18]
    SLICE_X8Y49          FDRE                                         r  system_i/cic_0/U0/i_synth/decimator.decimation_filter/DOUT_reg[15]/D
  -------------------------------------------------------------------    -------------------

                         (clock clk_out1_system_pll_0_0 rise edge)
                                                      0.000     0.000 r  
    U18                                               0.000     0.000 r  adc_clk_p_i (IN)
                         net (fo=0)                   0.000     0.000    system_i/pll_0/inst/clk_in1_p
    U18                  IBUFDS (Prop_ibufds_I_O)     0.433     0.433 r  system_i/pll_0/inst/clkin1_ibufgds/O
                         net (fo=1, routed)           0.481     0.914    system_i/pll_0/inst/clk_in1_system_pll_0_0
    PLLE2_ADV_X0Y0       PLLE2_ADV (Prop_plle2_adv_CLKIN1_CLKOUT0)
                                                     -2.546    -1.632 r  system_i/pll_0/inst/plle2_adv_inst/CLKOUT0
                         net (fo=1, routed)           0.544    -1.088    system_i/pll_0/inst/clk_out1_system_pll_0_0
    BUFGCTRL_X0Y0        BUFG (Prop_bufg_I_O)         0.029    -1.059 r  system_i/pll_0/inst/clkout1_buf/O
                         net (fo=3003, routed)        0.835    -0.224    system_i/cic_0/U0/i_synth/decimator.decimation_filter/aclk
    SLICE_X8Y49          FDRE                                         r  system_i/cic_0/U0/i_synth/decimator.decimation_filter/DOUT_reg[15]/C
                         clock pessimism              0.189    -0.035    
    SLICE_X8Y49          FDRE (Hold_fdre_C_D)         0.060     0.025    system_i/cic_0/U0/i_synth/decimator.decimation_filter/DOUT_reg[15]
  -------------------------------------------------------------------
                         required time                         -0.025    
                         arrival time                           0.080    
  -------------------------------------------------------------------
                         slack                                  0.055    

Slack (MET) :             0.059ns  (arrival time - required time)
  Source:                 system_i/cic_0/U0/i_synth/decimator.decimation_filter/comb/gen_stages[0].gen_folded.int_comb_stage/gen_split_accum[0].gen_sum_struct.gen_sum/gen_structural.gen_no_dsp48.gen_cin/gen_reg.d_reg_reg[14]/C
                            (rising edge-triggered cell FDRE clocked by clk_out1_system_pll_0_0  {rise@0.000ns fall@4.000ns period=8.000ns})
  Destination:            system_i/cic_0/U0/i_synth/decimator.decimation_filter/comb/gen_stages[0].gen_folded.int_comb_stage/gen_split_accum[0].gen_sum_struct.gen_sum/gen_structural.gen_no_dsp48.gen_adder[0].split_adder_n/gen_adders[15].i_reg/D
                            (rising edge-triggered cell FDRE clocked by clk_out1_system_pll_0_0  {rise@0.000ns fall@4.000ns period=8.000ns})
  Path Group:             clk_out1_system_pll_0_0
  Path Type:              Hold (Min at Fast Process Corner)
  Requirement:            0.000ns  (clk_out1_system_pll_0_0 rise@0.000ns - clk_out1_system_pll_0_0 rise@0.000ns)
  Data Path Delay:        0.432ns  (logic 0.336ns (77.829%)  route 0.096ns (22.171%))
  Logic Levels:           3  (CARRY4=2 LUT4=1)
  Clock Path Skew:        0.267ns (DCD - SCD - CPR)
    Destination Clock Delay (DCD):    -0.228ns
    Source Clock Delay      (SCD):    -0.306ns
    Clock Pessimism Removal (CPR):    -0.189ns

    Location             Delay type                Incr(ns)  Path(ns)    Netlist Resource(s)
  -------------------------------------------------------------------    -------------------
                         (clock clk_out1_system_pll_0_0 rise edge)
                                                      0.000     0.000 r  
    U18                                               0.000     0.000 r  adc_clk_p_i (IN)
                         net (fo=0)                   0.000     0.000    system_i/pll_0/inst/clk_in1_p
    U18                  IBUFDS (Prop_ibufds_I_O)     0.401     0.401 r  system_i/pll_0/inst/clkin1_ibufgds/O
                         net (fo=1, routed)           0.440     0.842    system_i/pll_0/inst/clk_in1_system_pll_0_0
    PLLE2_ADV_X0Y0       PLLE2_ADV (Prop_plle2_adv_CLKIN1_CLKOUT0)
                                                     -2.234    -1.393 r  system_i/pll_0/inst/plle2_adv_inst/CLKOUT0
                         net (fo=1, routed)           0.497    -0.896    system_i/pll_0/inst/clk_out1_system_pll_0_0
    BUFGCTRL_X0Y0        BUFG (Prop_bufg_I_O)         0.026    -0.870 r  system_i/pll_0/inst/clkout1_buf/O
                         net (fo=3003, routed)        0.564    -0.306    system_i/cic_0/U0/i_synth/decimator.decimation_filter/comb/gen_stages[0].gen_folded.int_comb_stage/gen_split_accum[0].gen_sum_struct.gen_sum/gen_structural.gen_no_dsp48.gen_cin/aclk
    SLICE_X15Y49         FDRE                                         r  system_i/cic_0/U0/i_synth/decimator.decimation_filter/comb/gen_stages[0].gen_folded.int_comb_stage/gen_split_accum[0].gen_sum_struct.gen_sum/gen_structural.gen_no_dsp48.gen_cin/gen_reg.d_reg_reg[14]/C
  -------------------------------------------------------------------    -------------------
    SLICE_X15Y49         FDRE (Prop_fdre_C_Q)         0.141    -0.165 r  system_i/cic_0/U0/i_synth/decimator.decimation_filter/comb/gen_stages[0].gen_folded.int_comb_stage/gen_split_accum[0].gen_sum_struct.gen_sum/gen_structural.gen_no_dsp48.gen_cin/gen_reg.d_reg_reg[14]/Q
                         net (fo=2, routed)           0.095    -0.070    system_i/cic_0/U0/i_synth/decimator.decimation_filter/comb/gen_stages[0].gen_folded.int_comb_stage/gen_split_accum[0].gen_sum_struct.gen_sum/gen_structural.gen_no_dsp48.gen_adder[0].split_adder_n/gen_reg.d_reg[14]
    SLICE_X14Y49         LUT4 (Prop_lut4_I2_O)        0.049    -0.021 r  system_i/cic_0/U0/i_synth/decimator.decimation_filter/comb/gen_stages[0].gen_folded.int_comb_stage/gen_split_accum[0].gen_sum_struct.gen_sum/gen_structural.gen_no_dsp48.gen_adder[0].split_adder_n/gen_adders[14].gen_carry.i_muxcy_i_2__0/O
                         net (fo=1, routed)           0.000    -0.021    system_i/cic_0/U0/i_synth/decimator.decimation_filter/comb/gen_stages[0].gen_folded.int_comb_stage/gen_split_accum[0].gen_sum_struct.gen_sum/gen_structural.gen_no_dsp48.gen_adder[0].split_adder_n/gen_adders[14].gen_carry.i_muxcy_i_2__0_n_0
    SLICE_X14Y49         CARRY4 (Prop_carry4_DI[3]_CO[3])
                                                      0.092     0.071 r  system_i/cic_0/U0/i_synth/decimator.decimation_filter/comb/gen_stages[0].gen_folded.int_comb_stage/gen_split_accum[0].gen_sum_struct.gen_sum/gen_structural.gen_no_dsp48.gen_adder[0].split_adder_n/gen_adders[11].gen_carry.i_muxcy_CARRY4/CO[3]
                         net (fo=1, routed)           0.001     0.071    system_i/cic_0/U0/i_synth/decimator.decimation_filter/comb/gen_stages[0].gen_folded.int_comb_stage/gen_split_accum[0].gen_sum_struct.gen_sum/gen_structural.gen_no_dsp48.gen_adder[0].split_adder_n/carry_int_15
    SLICE_X14Y50         CARRY4 (Prop_carry4_CI_O[0])
                                                      0.054     0.125 r  system_i/cic_0/U0/i_synth/decimator.decimation_filter/comb/gen_stages[0].gen_folded.int_comb_stage/gen_split_accum[0].gen_sum_struct.gen_sum/gen_structural.gen_no_dsp48.gen_adder[0].split_adder_n/gen_adders[15].gen_carry.i_muxcy_CARRY4/O[0]
                         net (fo=1, routed)           0.000     0.125    system_i/cic_0/U0/i_synth/decimator.decimation_filter/comb/gen_stages[0].gen_folded.int_comb_stage/gen_split_accum[0].gen_sum_struct.gen_sum/gen_structural.gen_no_dsp48.gen_adder[0].split_adder_n/d_int_15
    SLICE_X14Y50         FDRE                                         r  system_i/cic_0/U0/i_synth/decimator.decimation_filter/comb/gen_stages[0].gen_folded.int_comb_stage/gen_split_accum[0].gen_sum_struct.gen_sum/gen_structural.gen_no_dsp48.gen_adder[0].split_adder_n/gen_adders[15].i_reg/D
  -------------------------------------------------------------------    -------------------

                         (clock clk_out1_system_pll_0_0 rise edge)
                                                      0.000     0.000 r  
    U18                                               0.000     0.000 r  adc_clk_p_i (IN)
                         net (fo=0)                   0.000     0.000    system_i/pll_0/inst/clk_in1_p
    U18                  IBUFDS (Prop_ibufds_I_O)     0.433     0.433 r  system_i/pll_0/inst/clkin1_ibufgds/O
                         net (fo=1, routed)           0.481     0.914    system_i/pll_0/inst/clk_in1_system_pll_0_0
    PLLE2_ADV_X0Y0       PLLE2_ADV (Prop_plle2_adv_CLKIN1_CLKOUT0)
                                                     -2.546    -1.632 r  system_i/pll_0/inst/plle2_adv_inst/CLKOUT0
                         net (fo=1, routed)           0.544    -1.088    system_i/pll_0/inst/clk_out1_system_pll_0_0
    BUFGCTRL_X0Y0        BUFG (Prop_bufg_I_O)         0.029    -1.059 r  system_i/pll_0/inst/clkout1_buf/O
                         net (fo=3003, routed)        0.831    -0.228    system_i/cic_0/U0/i_synth/decimator.decimation_filter/comb/gen_stages[0].gen_folded.int_comb_stage/gen_split_accum[0].gen_sum_struct.gen_sum/gen_structural.gen_no_dsp48.gen_adder[0].split_adder_n/aclk
    SLICE_X14Y50         FDRE                                         r  system_i/cic_0/U0/i_synth/decimator.decimation_filter/comb/gen_stages[0].gen_folded.int_comb_stage/gen_split_accum[0].gen_sum_struct.gen_sum/gen_structural.gen_no_dsp48.gen_adder[0].split_adder_n/gen_adders[15].i_reg/C
                         clock pessimism              0.189    -0.039    
    SLICE_X14Y50         FDRE (Hold_fdre_C_D)         0.105     0.066    system_i/cic_0/U0/i_synth/decimator.decimation_filter/comb/gen_stages[0].gen_folded.int_comb_stage/gen_split_accum[0].gen_sum_struct.gen_sum/gen_structural.gen_no_dsp48.gen_adder[0].split_adder_n/gen_adders[15].i_reg
  -------------------------------------------------------------------
                         required time                         -0.066    
                         arrival time                           0.125    
  -------------------------------------------------------------------
                         slack                                  0.059    

Slack (MET) :             0.061ns  (arrival time - required time)
  Source:                 system_i/cic_0/U0/i_synth/decimator.decimation_filter/gen_comb_in_dly/gen_dly.gen_shiftreg.gen_rtl_delay.delay_bus_reg[1][20]/C
                            (rising edge-triggered cell FDRE clocked by clk_out1_system_pll_0_0  {rise@0.000ns fall@4.000ns period=8.000ns})
  Destination:            system_i/cic_0/U0/i_synth/decimator.decimation_filter/comb/gen_stages[0].gen_folded.int_comb_stage/gen_split_accum[0].gen_sum_struct.gen_sum/gen_structural.gen_no_dsp48.gen_cin/gen_reg.d_reg_reg[20]/D
                            (rising edge-triggered cell FDRE clocked by clk_out1_system_pll_0_0  {rise@0.000ns fall@4.000ns period=8.000ns})
  Path Group:             clk_out1_system_pll_0_0
  Path Type:              Hold (Min at Fast Process Corner)
  Requirement:            0.000ns  (clk_out1_system_pll_0_0 rise@0.000ns - clk_out1_system_pll_0_0 rise@0.000ns)
  Data Path Delay:        0.338ns  (logic 0.148ns (43.752%)  route 0.190ns (56.248%))
  Logic Levels:           0  
  Clock Path Skew:        0.267ns (DCD - SCD - CPR)
    Destination Clock Delay (DCD):    -0.228ns
    Source Clock Delay      (SCD):    -0.306ns
    Clock Pessimism Removal (CPR):    -0.189ns

    Location             Delay type                Incr(ns)  Path(ns)    Netlist Resource(s)
  -------------------------------------------------------------------    -------------------
                         (clock clk_out1_system_pll_0_0 rise edge)
                                                      0.000     0.000 r  
    U18                                               0.000     0.000 r  adc_clk_p_i (IN)
                         net (fo=0)                   0.000     0.000    system_i/pll_0/inst/clk_in1_p
    U18                  IBUFDS (Prop_ibufds_I_O)     0.401     0.401 r  system_i/pll_0/inst/clkin1_ibufgds/O
                         net (fo=1, routed)           0.440     0.842    system_i/pll_0/inst/clk_in1_system_pll_0_0
    PLLE2_ADV_X0Y0       PLLE2_ADV (Prop_plle2_adv_CLKIN1_CLKOUT0)
                                                     -2.234    -1.393 r  system_i/pll_0/inst/plle2_adv_inst/CLKOUT0
                         net (fo=1, routed)           0.497    -0.896    system_i/pll_0/inst/clk_out1_system_pll_0_0
    BUFGCTRL_X0Y0        BUFG (Prop_bufg_I_O)         0.026    -0.870 r  system_i/pll_0/inst/clkout1_buf/O
                         net (fo=3003, routed)        0.564    -0.306    system_i/cic_0/U0/i_synth/decimator.decimation_filter/gen_comb_in_dly/aclk
    SLICE_X16Y49         FDRE                                         r  system_i/cic_0/U0/i_synth/decimator.decimation_filter/gen_comb_in_dly/gen_dly.gen_shiftreg.gen_rtl_delay.delay_bus_reg[1][20]/C
  -------------------------------------------------------------------    -------------------
    SLICE_X16Y49         FDRE (Prop_fdre_C_Q)         0.148    -0.158 r  system_i/cic_0/U0/i_synth/decimator.decimation_filter/gen_comb_in_dly/gen_dly.gen_shiftreg.gen_rtl_delay.delay_bus_reg[1][20]/Q
                         net (fo=2, routed)           0.190     0.032    system_i/cic_0/U0/i_synth/decimator.decimation_filter/comb/gen_stages[0].gen_folded.int_comb_stage/gen_split_accum[0].gen_sum_struct.gen_sum/gen_structural.gen_no_dsp48.gen_cin/gen_dly.gen_shiftreg.gen_rtl_delay.delay_bus_reg[1][20]
    SLICE_X16Y51         FDRE                                         r  system_i/cic_0/U0/i_synth/decimator.decimation_filter/comb/gen_stages[0].gen_folded.int_comb_stage/gen_split_accum[0].gen_sum_struct.gen_sum/gen_structural.gen_no_dsp48.gen_cin/gen_reg.d_reg_reg[20]/D
  -------------------------------------------------------------------    -------------------

                         (clock clk_out1_system_pll_0_0 rise edge)
                                                      0.000     0.000 r  
    U18                                               0.000     0.000 r  adc_clk_p_i (IN)
                         net (fo=0)                   0.000     0.000    system_i/pll_0/inst/clk_in1_p
    U18                  IBUFDS (Prop_ibufds_I_O)     0.433     0.433 r  system_i/pll_0/inst/clkin1_ibufgds/O
                         net (fo=1, routed)           0.481     0.914    system_i/pll_0/inst/clk_in1_system_pll_0_0
    PLLE2_ADV_X0Y0       PLLE2_ADV (Prop_plle2_adv_CLKIN1_CLKOUT0)
                                                     -2.546    -1.632 r  system_i/pll_0/inst/plle2_adv_inst/CLKOUT0
                         net (fo=1, routed)           0.544    -1.088    system_i/pll_0/inst/clk_out1_system_pll_0_0
    BUFGCTRL_X0Y0        BUFG (Prop_bufg_I_O)         0.029    -1.059 r  system_i/pll_0/inst/clkout1_buf/O
                         net (fo=3003, routed)        0.831    -0.228    system_i/cic_0/U0/i_synth/decimator.decimation_filter/comb/gen_stages[0].gen_folded.int_comb_stage/gen_split_accum[0].gen_sum_struct.gen_sum/gen_structural.gen_no_dsp48.gen_cin/aclk
    SLICE_X16Y51         FDRE                                         r  system_i/cic_0/U0/i_synth/decimator.decimation_filter/comb/gen_stages[0].gen_folded.int_comb_stage/gen_split_accum[0].gen_sum_struct.gen_sum/gen_structural.gen_no_dsp48.gen_cin/gen_reg.d_reg_reg[20]/C
                         clock pessimism              0.189    -0.039    
    SLICE_X16Y51         FDRE (Hold_fdre_C_D)         0.010    -0.029    system_i/cic_0/U0/i_synth/decimator.decimation_filter/comb/gen_stages[0].gen_folded.int_comb_stage/gen_split_accum[0].gen_sum_struct.gen_sum/gen_structural.gen_no_dsp48.gen_cin/gen_reg.d_reg_reg[20]
  -------------------------------------------------------------------
                         required time                          0.029    
                         arrival time                           0.032    
  -------------------------------------------------------------------
                         slack                                  0.061    





Pulse Width Checks
--------------------------------------------------------------------------------------
Clock Name:         clk_out1_system_pll_0_0
Waveform(ns):       { 0.000 4.000 }
Period(ns):         8.000
Sources:            { system_i/pll_0/inst/plle2_adv_inst/CLKOUT0 }

Check Type        Corner  Lib Pin            Reference Pin  Required(ns)  Actual(ns)  Slack(ns)  Location        Pin
Min Period        n/a     BUFG/I             n/a            2.155         8.000       5.845      BUFGCTRL_X0Y0   system_i/pll_0/inst/clkout1_buf/I
Min Period        n/a     FDRE/C             n/a            1.474         8.000       6.526      ILOGIC_X0Y35    system_i/adc_0/inst/int_dat_a_reg_reg[0]/C
Min Period        n/a     FDRE/C             n/a            1.474         8.000       6.526      ILOGIC_X0Y39    system_i/adc_0/inst/int_dat_a_reg_reg[10]/C
Min Period        n/a     FDRE/C             n/a            1.474         8.000       6.526      ILOGIC_X0Y30    system_i/adc_0/inst/int_dat_a_reg_reg[11]/C
Min Period        n/a     FDRE/C             n/a            1.474         8.000       6.526      ILOGIC_X0Y32    system_i/adc_0/inst/int_dat_a_reg_reg[12]/C
Min Period        n/a     FDRE/C             n/a            1.474         8.000       6.526      ILOGIC_X0Y14    system_i/adc_0/inst/int_dat_a_reg_reg[13]/C
Min Period        n/a     FDRE/C             n/a            1.474         8.000       6.526      ILOGIC_X0Y13    system_i/adc_0/inst/int_dat_a_reg_reg[1]/C
Min Period        n/a     FDRE/C             n/a            1.474         8.000       6.526      ILOGIC_X0Y36    system_i/adc_0/inst/int_dat_a_reg_reg[2]/C
Min Period        n/a     FDRE/C             n/a            1.474         8.000       6.526      ILOGIC_X0Y29    system_i/adc_0/inst/int_dat_a_reg_reg[3]/C
Min Period        n/a     FDRE/C             n/a            1.474         8.000       6.526      ILOGIC_X0Y34    system_i/adc_0/inst/int_dat_a_reg_reg[4]/C
Max Period        n/a     PLLE2_ADV/CLKOUT0  n/a            160.000       8.000       152.000    PLLE2_ADV_X0Y0  system_i/pll_0/inst/plle2_adv_inst/CLKOUT0
Low Pulse Width   Slow    SRL16E/CLK         n/a            0.980         4.000       3.020      SLICE_X12Y47    system_i/cic_0/U0/i_synth/decimator.decimation_filter/comb/gen_stages[0].gen_folded.int_comb_stage/gen_split_accum[0].gen_mem/gen_dly.gen_shiftreg.gen_rtl_delay.delay_bus_reg[2][0]_srl3/CLK
Low Pulse Width   Fast    SRL16E/CLK         n/a            0.980         4.000       3.020      SLICE_X12Y47    system_i/cic_0/U0/i_synth/decimator.decimation_filter/comb/gen_stages[0].gen_folded.int_comb_stage/gen_split_accum[0].gen_mem/gen_dly.gen_shiftreg.gen_rtl_delay.delay_bus_reg[2][0]_srl3/CLK
Low Pulse Width   Slow    SRL16E/CLK         n/a            0.980         4.000       3.020      SLICE_X12Y48    system_i/cic_0/U0/i_synth/decimator.decimation_filter/comb/gen_stages[0].gen_folded.int_comb_stage/gen_split_accum[0].gen_mem/gen_dly.gen_shiftreg.gen_rtl_delay.delay_bus_reg[2][10]_srl3/CLK
Low Pulse Width   Fast    SRL16E/CLK         n/a            0.980         4.000       3.020      SLICE_X12Y48    system_i/cic_0/U0/i_synth/decimator.decimation_filter/comb/gen_stages[0].gen_folded.int_comb_stage/gen_split_accum[0].gen_mem/gen_dly.gen_shiftreg.gen_rtl_delay.delay_bus_reg[2][10]_srl3/CLK
Low Pulse Width   Slow    SRL16E/CLK         n/a            0.980         4.000       3.020      SLICE_X12Y48    system_i/cic_0/U0/i_synth/decimator.decimation_filter/comb/gen_stages[0].gen_folded.int_comb_stage/gen_split_accum[0].gen_mem/gen_dly.gen_shiftreg.gen_rtl_delay.delay_bus_reg[2][11]_srl3/CLK
Low Pulse Width   Fast    SRL16E/CLK         n/a            0.980         4.000       3.020      SLICE_X12Y48    system_i/cic_0/U0/i_synth/decimator.decimation_filter/comb/gen_stages[0].gen_folded.int_comb_stage/gen_split_accum[0].gen_mem/gen_dly.gen_shiftreg.gen_rtl_delay.delay_bus_reg[2][11]_srl3/CLK
Low Pulse Width   Slow    SRL16E/CLK         n/a            0.980         4.000       3.020      SLICE_X12Y48    system_i/cic_0/U0/i_synth/decimator.decimation_filter/comb/gen_stages[0].gen_folded.int_comb_stage/gen_split_accum[0].gen_mem/gen_dly.gen_shiftreg.gen_rtl_delay.delay_bus_reg[2][12]_srl3/CLK
Low Pulse Width   Fast    SRL16E/CLK         n/a            0.980         4.000       3.020      SLICE_X12Y48    system_i/cic_0/U0/i_synth/decimator.decimation_filter/comb/gen_stages[0].gen_folded.int_comb_stage/gen_split_accum[0].gen_mem/gen_dly.gen_shiftreg.gen_rtl_delay.delay_bus_reg[2][12]_srl3/CLK
Low Pulse Width   Slow    SRL16E/CLK         n/a            0.980         4.000       3.020      SLICE_X12Y48    system_i/cic_0/U0/i_synth/decimator.decimation_filter/comb/gen_stages[0].gen_folded.int_comb_stage/gen_split_accum[0].gen_mem/gen_dly.gen_shiftreg.gen_rtl_delay.delay_bus_reg[2][13]_srl3/CLK
Low Pulse Width   Fast    SRL16E/CLK         n/a            0.980         4.000       3.020      SLICE_X12Y48    system_i/cic_0/U0/i_synth/decimator.decimation_filter/comb/gen_stages[0].gen_folded.int_comb_stage/gen_split_accum[0].gen_mem/gen_dly.gen_shiftreg.gen_rtl_delay.delay_bus_reg[2][13]_srl3/CLK
High Pulse Width  Slow    SRL16E/CLK         n/a            0.980         4.000       3.020      SLICE_X12Y47    system_i/cic_0/U0/i_synth/decimator.decimation_filter/comb/gen_stages[0].gen_folded.int_comb_stage/gen_split_accum[0].gen_mem/gen_dly.gen_shiftreg.gen_rtl_delay.delay_bus_reg[2][0]_srl3/CLK
High Pulse Width  Fast    SRL16E/CLK         n/a            0.980         4.000       3.020      SLICE_X12Y47    system_i/cic_0/U0/i_synth/decimator.decimation_filter/comb/gen_stages[0].gen_folded.int_comb_stage/gen_split_accum[0].gen_mem/gen_dly.gen_shiftreg.gen_rtl_delay.delay_bus_reg[2][0]_srl3/CLK
High Pulse Width  Slow    SRL16E/CLK         n/a            0.980         4.000       3.020      SLICE_X12Y48    system_i/cic_0/U0/i_synth/decimator.decimation_filter/comb/gen_stages[0].gen_folded.int_comb_stage/gen_split_accum[0].gen_mem/gen_dly.gen_shiftreg.gen_rtl_delay.delay_bus_reg[2][10]_srl3/CLK
High Pulse Width  Fast    SRL16E/CLK         n/a            0.980         4.000       3.020      SLICE_X12Y48    system_i/cic_0/U0/i_synth/decimator.decimation_filter/comb/gen_stages[0].gen_folded.int_comb_stage/gen_split_accum[0].gen_mem/gen_dly.gen_shiftreg.gen_rtl_delay.delay_bus_reg[2][10]_srl3/CLK
High Pulse Width  Slow    SRL16E/CLK         n/a            0.980         4.000       3.020      SLICE_X12Y48    system_i/cic_0/U0/i_synth/decimator.decimation_filter/comb/gen_stages[0].gen_folded.int_comb_stage/gen_split_accum[0].gen_mem/gen_dly.gen_shiftreg.gen_rtl_delay.delay_bus_reg[2][11]_srl3/CLK
High Pulse Width  Fast    SRL16E/CLK         n/a            0.980         4.000       3.020      SLICE_X12Y48    system_i/cic_0/U0/i_synth/decimator.decimation_filter/comb/gen_stages[0].gen_folded.int_comb_stage/gen_split_accum[0].gen_mem/gen_dly.gen_shiftreg.gen_rtl_delay.delay_bus_reg[2][11]_srl3/CLK
High Pulse Width  Slow    SRL16E/CLK         n/a            0.980         4.000       3.020      SLICE_X12Y48    system_i/cic_0/U0/i_synth/decimator.decimation_filter/comb/gen_stages[0].gen_folded.int_comb_stage/gen_split_accum[0].gen_mem/gen_dly.gen_shiftreg.gen_rtl_delay.delay_bus_reg[2][12]_srl3/CLK
High Pulse Width  Fast    SRL16E/CLK         n/a            0.980         4.000       3.020      SLICE_X12Y48    system_i/cic_0/U0/i_synth/decimator.decimation_filter/comb/gen_stages[0].gen_folded.int_comb_stage/gen_split_accum[0].gen_mem/gen_dly.gen_shiftreg.gen_rtl_delay.delay_bus_reg[2][12]_srl3/CLK
High Pulse Width  Slow    SRL16E/CLK         n/a            0.980         4.000       3.020      SLICE_X12Y48    system_i/cic_0/U0/i_synth/decimator.decimation_filter/comb/gen_stages[0].gen_folded.int_comb_stage/gen_split_accum[0].gen_mem/gen_dly.gen_shiftreg.gen_rtl_delay.delay_bus_reg[2][13]_srl3/CLK
High Pulse Width  Fast    SRL16E/CLK         n/a            0.980         4.000       3.020      SLICE_X12Y48    system_i/cic_0/U0/i_synth/decimator.decimation_filter/comb/gen_stages[0].gen_folded.int_comb_stage/gen_split_accum[0].gen_mem/gen_dly.gen_shiftreg.gen_rtl_delay.delay_bus_reg[2][13]_srl3/CLK



---------------------------------------------------------------------------------------------------
From Clock:  clkfbout_system_pll_0_0
  To Clock:  clkfbout_system_pll_0_0

Setup :           NA  Failing Endpoints,  Worst Slack           NA  ,  Total Violation           NA
Hold  :           NA  Failing Endpoints,  Worst Slack           NA  ,  Total Violation           NA
PW    :            0  Failing Endpoints,  Worst Slack        5.845ns,  Total Violation        0.000ns
---------------------------------------------------------------------------------------------------


Pulse Width Checks
--------------------------------------------------------------------------------------
Clock Name:         clkfbout_system_pll_0_0
Waveform(ns):       { 0.000 4.000 }
Period(ns):         8.000
Sources:            { system_i/pll_0/inst/plle2_adv_inst/CLKFBOUT }

Check Type  Corner  Lib Pin             Reference Pin  Required(ns)  Actual(ns)  Slack(ns)  Location        Pin
Min Period  n/a     BUFG/I              n/a            2.155         8.000       5.845      BUFGCTRL_X0Y1   system_i/pll_0/inst/clkf_buf/I
Min Period  n/a     PLLE2_ADV/CLKFBOUT  n/a            1.249         8.000       6.751      PLLE2_ADV_X0Y0  system_i/pll_0/inst/plle2_adv_inst/CLKFBOUT
Min Period  n/a     PLLE2_ADV/CLKFBIN   n/a            1.249         8.000       6.751      PLLE2_ADV_X0Y0  system_i/pll_0/inst/plle2_adv_inst/CLKFBIN
Max Period  n/a     PLLE2_ADV/CLKFBIN   n/a            52.633        8.000       44.633     PLLE2_ADV_X0Y0  system_i/pll_0/inst/plle2_adv_inst/CLKFBIN
Max Period  n/a     PLLE2_ADV/CLKFBOUT  n/a            160.000       8.000       152.000    PLLE2_ADV_X0Y0  system_i/pll_0/inst/plle2_adv_inst/CLKFBOUT



---------------------------------------------------------------------------------------------------
From Clock:  adc_clk_p_i
  To Clock:  clk_out1_system_pll_0_0

Setup :            0  Failing Endpoints,  Worst Slack        3.438ns,  Total Violation        0.000ns
Hold  :           NA  Failing Endpoints,  Worst Slack           NA  ,  Total Violation           NA
---------------------------------------------------------------------------------------------------


Max Delay Paths
--------------------------------------------------------------------------------------
Slack (MET) :             3.438ns  (required time - arrival time)
  Source:                 adc_dat_a_i[7]
                            (input port clocked by adc_clk_p_i  {rise@0.000ns fall@4.000ns period=8.000ns})
  Destination:            system_i/adc_0/inst/int_dat_a_reg_reg[5]/D
                            (rising edge-triggered cell FDRE clocked by clk_out1_system_pll_0_0  {rise@0.000ns fall@4.000ns period=8.000ns})
  Path Group:             clk_out1_system_pll_0_0
  Path Type:              Setup (Max at Slow Process Corner)
  Requirement:            8.000ns  (clk_out1_system_pll_0_0 rise@8.000ns - adc_clk_p_i rise@0.000ns)
  Data Path Delay:        1.070ns  (logic 1.070ns (100.000%)  route 0.000ns (0.000%))
  Logic Levels:           1  (IBUF=1)
  Input Delay:            1.000ns
  Clock Path Skew:        -2.295ns (DCD - SCD + CPR)
    Destination Clock Delay (DCD):    -2.295ns = ( 5.705 - 8.000 ) 
    Source Clock Delay      (SCD):    0.000ns
    Clock Pessimism Removal (CPR):    0.000ns
  Clock Uncertainty:      0.186ns  ((TSJ^2 + TIJ^2 + DJ^2)^1/2) / 2 + PE
    Total System Jitter     (TSJ):    0.071ns
    Total Input Jitter      (TIJ):    0.080ns
    Discrete Jitter          (DJ):    0.125ns
    Phase Error              (PE):    0.104ns

    Location             Delay type                Incr(ns)  Path(ns)    Netlist Resource(s)
  -------------------------------------------------------------------    -------------------
                         (clock adc_clk_p_i rise edge)
                                                      0.000     0.000 r  
                         input delay                  1.000     1.000    
    Y14                                               0.000     1.000 r  adc_dat_a_i[7] (IN)
                         net (fo=0)                   0.000     1.000    adc_dat_a_i[7]
    Y14                  IBUF (Prop_ibuf_I_O)         1.070     2.070 r  adc_dat_a_i_IBUF[7]_inst/O
                         net (fo=1, routed)           0.000     2.070    system_i/adc_0/inst/adc_dat_a[5]
    ILOGIC_X0Y33         FDRE                                         r  system_i/adc_0/inst/int_dat_a_reg_reg[5]/D
  -------------------------------------------------------------------    -------------------

                         (clock clk_out1_system_pll_0_0 rise edge)
                                                      8.000     8.000 r  
    U18                                               0.000     8.000 r  adc_clk_p_i (IN)
                         net (fo=0)                   0.000     8.000    system_i/pll_0/inst/clk_in1_p
    U18                  IBUFDS (Prop_ibufds_I_O)     0.940     8.940 r  system_i/pll_0/inst/clkin1_ibufgds/O
                         net (fo=1, routed)           1.181    10.121    system_i/pll_0/inst/clk_in1_system_pll_0_0
    PLLE2_ADV_X0Y0       PLLE2_ADV (Prop_plle2_adv_CLKIN1_CLKOUT0)
                                                     -7.650     2.470 r  system_i/pll_0/inst/plle2_adv_inst/CLKOUT0
                         net (fo=1, routed)           1.594     4.065    system_i/pll_0/inst/clk_out1_system_pll_0_0
    BUFGCTRL_X0Y0        BUFG (Prop_bufg_I_O)         0.091     4.156 r  system_i/pll_0/inst/clkout1_buf/O
                         net (fo=3003, routed)        1.550     5.705    system_i/adc_0/inst/aclk
    ILOGIC_X0Y33         FDRE                                         r  system_i/adc_0/inst/int_dat_a_reg_reg[5]/C
                         clock pessimism              0.000     5.705    
                         clock uncertainty           -0.186     5.519    
    ILOGIC_X0Y33         FDRE (Setup_fdre_C_D)       -0.011     5.508    system_i/adc_0/inst/int_dat_a_reg_reg[5]
  -------------------------------------------------------------------
                         required time                          5.508    
                         arrival time                          -2.070    
  -------------------------------------------------------------------
                         slack                                  3.438    

Slack (MET) :             3.440ns  (required time - arrival time)
  Source:                 adc_dat_a_i[6]
                            (input port clocked by adc_clk_p_i  {rise@0.000ns fall@4.000ns period=8.000ns})
  Destination:            system_i/adc_0/inst/int_dat_a_reg_reg[4]/D
                            (rising edge-triggered cell FDRE clocked by clk_out1_system_pll_0_0  {rise@0.000ns fall@4.000ns period=8.000ns})
  Path Group:             clk_out1_system_pll_0_0
  Path Type:              Setup (Max at Slow Process Corner)
  Requirement:            8.000ns  (clk_out1_system_pll_0_0 rise@8.000ns - adc_clk_p_i rise@0.000ns)
  Data Path Delay:        1.068ns  (logic 1.068ns (100.000%)  route 0.000ns (0.000%))
  Logic Levels:           1  (IBUF=1)
  Input Delay:            1.000ns
  Clock Path Skew:        -2.295ns (DCD - SCD + CPR)
    Destination Clock Delay (DCD):    -2.295ns = ( 5.705 - 8.000 ) 
    Source Clock Delay      (SCD):    0.000ns
    Clock Pessimism Removal (CPR):    0.000ns
  Clock Uncertainty:      0.186ns  ((TSJ^2 + TIJ^2 + DJ^2)^1/2) / 2 + PE
    Total System Jitter     (TSJ):    0.071ns
    Total Input Jitter      (TIJ):    0.080ns
    Discrete Jitter          (DJ):    0.125ns
    Phase Error              (PE):    0.104ns

    Location             Delay type                Incr(ns)  Path(ns)    Netlist Resource(s)
  -------------------------------------------------------------------    -------------------
                         (clock adc_clk_p_i rise edge)
                                                      0.000     0.000 r  
                         input delay                  1.000     1.000    
    W14                                               0.000     1.000 r  adc_dat_a_i[6] (IN)
                         net (fo=0)                   0.000     1.000    adc_dat_a_i[6]
    W14                  IBUF (Prop_ibuf_I_O)         1.068     2.068 r  adc_dat_a_i_IBUF[6]_inst/O
                         net (fo=1, routed)           0.000     2.068    system_i/adc_0/inst/adc_dat_a[4]
    ILOGIC_X0Y34         FDRE                                         r  system_i/adc_0/inst/int_dat_a_reg_reg[4]/D
  -------------------------------------------------------------------    -------------------

                         (clock clk_out1_system_pll_0_0 rise edge)
                                                      8.000     8.000 r  
    U18                                               0.000     8.000 r  adc_clk_p_i (IN)
                         net (fo=0)                   0.000     8.000    system_i/pll_0/inst/clk_in1_p
    U18                  IBUFDS (Prop_ibufds_I_O)     0.940     8.940 r  system_i/pll_0/inst/clkin1_ibufgds/O
                         net (fo=1, routed)           1.181    10.121    system_i/pll_0/inst/clk_in1_system_pll_0_0
    PLLE2_ADV_X0Y0       PLLE2_ADV (Prop_plle2_adv_CLKIN1_CLKOUT0)
                                                     -7.650     2.470 r  system_i/pll_0/inst/plle2_adv_inst/CLKOUT0
                         net (fo=1, routed)           1.594     4.065    system_i/pll_0/inst/clk_out1_system_pll_0_0
    BUFGCTRL_X0Y0        BUFG (Prop_bufg_I_O)         0.091     4.156 r  system_i/pll_0/inst/clkout1_buf/O
                         net (fo=3003, routed)        1.550     5.705    system_i/adc_0/inst/aclk
    ILOGIC_X0Y34         FDRE                                         r  system_i/adc_0/inst/int_dat_a_reg_reg[4]/C
                         clock pessimism              0.000     5.705    
                         clock uncertainty           -0.186     5.519    
    ILOGIC_X0Y34         FDRE (Setup_fdre_C_D)       -0.011     5.508    system_i/adc_0/inst/int_dat_a_reg_reg[4]
  -------------------------------------------------------------------
                         required time                          5.508    
                         arrival time                          -2.068    
  -------------------------------------------------------------------
                         slack                                  3.440    

Slack (MET) :             3.450ns  (required time - arrival time)
  Source:                 adc_dat_a_i[13]
                            (input port clocked by adc_clk_p_i  {rise@0.000ns fall@4.000ns period=8.000ns})
  Destination:            system_i/adc_0/inst/int_dat_a_reg_reg[11]/D
                            (rising edge-triggered cell FDRE clocked by clk_out1_system_pll_0_0  {rise@0.000ns fall@4.000ns period=8.000ns})
  Path Group:             clk_out1_system_pll_0_0
  Path Type:              Setup (Max at Slow Process Corner)
  Requirement:            8.000ns  (clk_out1_system_pll_0_0 rise@8.000ns - adc_clk_p_i rise@0.000ns)
  Data Path Delay:        1.054ns  (logic 1.054ns (100.000%)  route 0.000ns (0.000%))
  Logic Levels:           1  (IBUF=1)
  Input Delay:            1.000ns
  Clock Path Skew:        -2.299ns (DCD - SCD + CPR)
    Destination Clock Delay (DCD):    -2.299ns = ( 5.701 - 8.000 ) 
    Source Clock Delay      (SCD):    0.000ns
    Clock Pessimism Removal (CPR):    0.000ns
  Clock Uncertainty:      0.186ns  ((TSJ^2 + TIJ^2 + DJ^2)^1/2) / 2 + PE
    Total System Jitter     (TSJ):    0.071ns
    Total Input Jitter      (TIJ):    0.080ns
    Discrete Jitter          (DJ):    0.125ns
    Phase Error              (PE):    0.104ns

    Location             Delay type                Incr(ns)  Path(ns)    Netlist Resource(s)
  -------------------------------------------------------------------    -------------------
                         (clock adc_clk_p_i rise edge)
                                                      0.000     0.000 r  
                         input delay                  1.000     1.000    
    V15                                               0.000     1.000 r  adc_dat_a_i[13] (IN)
                         net (fo=0)                   0.000     1.000    adc_dat_a_i[13]
    V15                  IBUF (Prop_ibuf_I_O)         1.054     2.054 r  adc_dat_a_i_IBUF[13]_inst/O
                         net (fo=1, routed)           0.000     2.054    system_i/adc_0/inst/adc_dat_a[11]
    ILOGIC_X0Y30         FDRE                                         r  system_i/adc_0/inst/int_dat_a_reg_reg[11]/D
  -------------------------------------------------------------------    -------------------

                         (clock clk_out1_system_pll_0_0 rise edge)
                                                      8.000     8.000 r  
    U18                                               0.000     8.000 r  adc_clk_p_i (IN)
                         net (fo=0)                   0.000     8.000    system_i/pll_0/inst/clk_in1_p
    U18                  IBUFDS (Prop_ibufds_I_O)     0.940     8.940 r  system_i/pll_0/inst/clkin1_ibufgds/O
                         net (fo=1, routed)           1.181    10.121    system_i/pll_0/inst/clk_in1_system_pll_0_0
    PLLE2_ADV_X0Y0       PLLE2_ADV (Prop_plle2_adv_CLKIN1_CLKOUT0)
                                                     -7.650     2.470 r  system_i/pll_0/inst/plle2_adv_inst/CLKOUT0
                         net (fo=1, routed)           1.594     4.065    system_i/pll_0/inst/clk_out1_system_pll_0_0
    BUFGCTRL_X0Y0        BUFG (Prop_bufg_I_O)         0.091     4.156 r  system_i/pll_0/inst/clkout1_buf/O
                         net (fo=3003, routed)        1.546     5.701    system_i/adc_0/inst/aclk
    ILOGIC_X0Y30         FDRE                                         r  system_i/adc_0/inst/int_dat_a_reg_reg[11]/C
                         clock pessimism              0.000     5.701    
                         clock uncertainty           -0.186     5.515    
    ILOGIC_X0Y30         FDRE (Setup_fdre_C_D)       -0.011     5.504    system_i/adc_0/inst/int_dat_a_reg_reg[11]
  -------------------------------------------------------------------
                         required time                          5.504    
                         arrival time                          -2.054    
  -------------------------------------------------------------------
                         slack                                  3.450    

Slack (MET) :             3.456ns  (required time - arrival time)
  Source:                 adc_dat_a_i[5]
                            (input port clocked by adc_clk_p_i  {rise@0.000ns fall@4.000ns period=8.000ns})
  Destination:            system_i/adc_0/inst/int_dat_a_reg_reg[3]/D
                            (rising edge-triggered cell FDRE clocked by clk_out1_system_pll_0_0  {rise@0.000ns fall@4.000ns period=8.000ns})
  Path Group:             clk_out1_system_pll_0_0
  Path Type:              Setup (Max at Slow Process Corner)
  Requirement:            8.000ns  (clk_out1_system_pll_0_0 rise@8.000ns - adc_clk_p_i rise@0.000ns)
  Data Path Delay:        1.048ns  (logic 1.048ns (100.000%)  route 0.000ns (0.000%))
  Logic Levels:           1  (IBUF=1)
  Input Delay:            1.000ns
  Clock Path Skew:        -2.299ns (DCD - SCD + CPR)
    Destination Clock Delay (DCD):    -2.299ns = ( 5.701 - 8.000 ) 
    Source Clock Delay      (SCD):    0.000ns
    Clock Pessimism Removal (CPR):    0.000ns
  Clock Uncertainty:      0.186ns  ((TSJ^2 + TIJ^2 + DJ^2)^1/2) / 2 + PE
    Total System Jitter     (TSJ):    0.071ns
    Total Input Jitter      (TIJ):    0.080ns
    Discrete Jitter          (DJ):    0.125ns
    Phase Error              (PE):    0.104ns

    Location             Delay type                Incr(ns)  Path(ns)    Netlist Resource(s)
  -------------------------------------------------------------------    -------------------
                         (clock adc_clk_p_i rise edge)
                                                      0.000     0.000 r  
                         input delay                  1.000     1.000    
    W15                                               0.000     1.000 r  adc_dat_a_i[5] (IN)
                         net (fo=0)                   0.000     1.000    adc_dat_a_i[5]
    W15                  IBUF (Prop_ibuf_I_O)         1.048     2.048 r  adc_dat_a_i_IBUF[5]_inst/O
                         net (fo=1, routed)           0.000     2.048    system_i/adc_0/inst/adc_dat_a[3]
    ILOGIC_X0Y29         FDRE                                         r  system_i/adc_0/inst/int_dat_a_reg_reg[3]/D
  -------------------------------------------------------------------    -------------------

                         (clock clk_out1_system_pll_0_0 rise edge)
                                                      8.000     8.000 r  
    U18                                               0.000     8.000 r  adc_clk_p_i (IN)
                         net (fo=0)                   0.000     8.000    system_i/pll_0/inst/clk_in1_p
    U18                  IBUFDS (Prop_ibufds_I_O)     0.940     8.940 r  system_i/pll_0/inst/clkin1_ibufgds/O
                         net (fo=1, routed)           1.181    10.121    system_i/pll_0/inst/clk_in1_system_pll_0_0
    PLLE2_ADV_X0Y0       PLLE2_ADV (Prop_plle2_adv_CLKIN1_CLKOUT0)
                                                     -7.650     2.470 r  system_i/pll_0/inst/plle2_adv_inst/CLKOUT0
                         net (fo=1, routed)           1.594     4.065    system_i/pll_0/inst/clk_out1_system_pll_0_0
    BUFGCTRL_X0Y0        BUFG (Prop_bufg_I_O)         0.091     4.156 r  system_i/pll_0/inst/clkout1_buf/O
                         net (fo=3003, routed)        1.546     5.701    system_i/adc_0/inst/aclk
    ILOGIC_X0Y29         FDRE                                         r  system_i/adc_0/inst/int_dat_a_reg_reg[3]/C
                         clock pessimism              0.000     5.701    
                         clock uncertainty           -0.186     5.515    
    ILOGIC_X0Y29         FDRE (Setup_fdre_C_D)       -0.011     5.504    system_i/adc_0/inst/int_dat_a_reg_reg[3]
  -------------------------------------------------------------------
                         required time                          5.504    
                         arrival time                          -2.048    
  -------------------------------------------------------------------
                         slack                                  3.456    

Slack (MET) :             3.457ns  (required time - arrival time)
  Source:                 adc_dat_a_i[4]
                            (input port clocked by adc_clk_p_i  {rise@0.000ns fall@4.000ns period=8.000ns})
  Destination:            system_i/adc_0/inst/int_dat_a_reg_reg[2]/D
                            (rising edge-triggered cell FDRE clocked by clk_out1_system_pll_0_0  {rise@0.000ns fall@4.000ns period=8.000ns})
  Path Group:             clk_out1_system_pll_0_0
  Path Type:              Setup (Max at Slow Process Corner)
  Requirement:            8.000ns  (clk_out1_system_pll_0_0 rise@8.000ns - adc_clk_p_i rise@0.000ns)
  Data Path Delay:        1.052ns  (logic 1.052ns (100.000%)  route 0.000ns (0.000%))
  Logic Levels:           1  (IBUF=1)
  Input Delay:            1.000ns
  Clock Path Skew:        -2.294ns (DCD - SCD + CPR)
    Destination Clock Delay (DCD):    -2.294ns = ( 5.706 - 8.000 ) 
    Source Clock Delay      (SCD):    0.000ns
    Clock Pessimism Removal (CPR):    0.000ns
  Clock Uncertainty:      0.186ns  ((TSJ^2 + TIJ^2 + DJ^2)^1/2) / 2 + PE
    Total System Jitter     (TSJ):    0.071ns
    Total Input Jitter      (TIJ):    0.080ns
    Discrete Jitter          (DJ):    0.125ns
    Phase Error              (PE):    0.104ns

    Location             Delay type                Incr(ns)  Path(ns)    Netlist Resource(s)
  -------------------------------------------------------------------    -------------------
                         (clock adc_clk_p_i rise edge)
                                                      0.000     0.000 r  
                         input delay                  1.000     1.000    
    Y16                                               0.000     1.000 r  adc_dat_a_i[4] (IN)
                         net (fo=0)                   0.000     1.000    adc_dat_a_i[4]
    Y16                  IBUF (Prop_ibuf_I_O)         1.052     2.052 r  adc_dat_a_i_IBUF[4]_inst/O
                         net (fo=1, routed)           0.000     2.052    system_i/adc_0/inst/adc_dat_a[2]
    ILOGIC_X0Y36         FDRE                                         r  system_i/adc_0/inst/int_dat_a_reg_reg[2]/D
  -------------------------------------------------------------------    -------------------

                         (clock clk_out1_system_pll_0_0 rise edge)
                                                      8.000     8.000 r  
    U18                                               0.000     8.000 r  adc_clk_p_i (IN)
                         net (fo=0)                   0.000     8.000    system_i/pll_0/inst/clk_in1_p
    U18                  IBUFDS (Prop_ibufds_I_O)     0.940     8.940 r  system_i/pll_0/inst/clkin1_ibufgds/O
                         net (fo=1, routed)           1.181    10.121    system_i/pll_0/inst/clk_in1_system_pll_0_0
    PLLE2_ADV_X0Y0       PLLE2_ADV (Prop_plle2_adv_CLKIN1_CLKOUT0)
                                                     -7.650     2.470 r  system_i/pll_0/inst/plle2_adv_inst/CLKOUT0
                         net (fo=1, routed)           1.594     4.065    system_i/pll_0/inst/clk_out1_system_pll_0_0
    BUFGCTRL_X0Y0        BUFG (Prop_bufg_I_O)         0.091     4.156 r  system_i/pll_0/inst/clkout1_buf/O
                         net (fo=3003, routed)        1.551     5.706    system_i/adc_0/inst/aclk
    ILOGIC_X0Y36         FDRE                                         r  system_i/adc_0/inst/int_dat_a_reg_reg[2]/C
                         clock pessimism              0.000     5.706    
                         clock uncertainty           -0.186     5.520    
    ILOGIC_X0Y36         FDRE (Setup_fdre_C_D)       -0.011     5.509    system_i/adc_0/inst/int_dat_a_reg_reg[2]
  -------------------------------------------------------------------
                         required time                          5.509    
                         arrival time                          -2.052    
  -------------------------------------------------------------------
                         slack                                  3.457    

Slack (MET) :             3.464ns  (required time - arrival time)
  Source:                 adc_dat_a_i[2]
                            (input port clocked by adc_clk_p_i  {rise@0.000ns fall@4.000ns period=8.000ns})
  Destination:            system_i/adc_0/inst/int_dat_a_reg_reg[0]/D
                            (rising edge-triggered cell FDRE clocked by clk_out1_system_pll_0_0  {rise@0.000ns fall@4.000ns period=8.000ns})
  Path Group:             clk_out1_system_pll_0_0
  Path Type:              Setup (Max at Slow Process Corner)
  Requirement:            8.000ns  (clk_out1_system_pll_0_0 rise@8.000ns - adc_clk_p_i rise@0.000ns)
  Data Path Delay:        1.045ns  (logic 1.045ns (100.000%)  route 0.000ns (0.000%))
  Logic Levels:           1  (IBUF=1)
  Input Delay:            1.000ns
  Clock Path Skew:        -2.294ns (DCD - SCD + CPR)
    Destination Clock Delay (DCD):    -2.294ns = ( 5.706 - 8.000 ) 
    Source Clock Delay      (SCD):    0.000ns
    Clock Pessimism Removal (CPR):    0.000ns
  Clock Uncertainty:      0.186ns  ((TSJ^2 + TIJ^2 + DJ^2)^1/2) / 2 + PE
    Total System Jitter     (TSJ):    0.071ns
    Total Input Jitter      (TIJ):    0.080ns
    Discrete Jitter          (DJ):    0.125ns
    Phase Error              (PE):    0.104ns

    Location             Delay type                Incr(ns)  Path(ns)    Netlist Resource(s)
  -------------------------------------------------------------------    -------------------
                         (clock adc_clk_p_i rise edge)
                                                      0.000     0.000 r  
                         input delay                  1.000     1.000    
    Y17                                               0.000     1.000 r  adc_dat_a_i[2] (IN)
                         net (fo=0)                   0.000     1.000    adc_dat_a_i[2]
    Y17                  IBUF (Prop_ibuf_I_O)         1.045     2.045 r  adc_dat_a_i_IBUF[2]_inst/O
                         net (fo=1, routed)           0.000     2.045    system_i/adc_0/inst/adc_dat_a[0]
    ILOGIC_X0Y35         FDRE                                         r  system_i/adc_0/inst/int_dat_a_reg_reg[0]/D
  -------------------------------------------------------------------    -------------------

                         (clock clk_out1_system_pll_0_0 rise edge)
                                                      8.000     8.000 r  
    U18                                               0.000     8.000 r  adc_clk_p_i (IN)
                         net (fo=0)                   0.000     8.000    system_i/pll_0/inst/clk_in1_p
    U18                  IBUFDS (Prop_ibufds_I_O)     0.940     8.940 r  system_i/pll_0/inst/clkin1_ibufgds/O
                         net (fo=1, routed)           1.181    10.121    system_i/pll_0/inst/clk_in1_system_pll_0_0
    PLLE2_ADV_X0Y0       PLLE2_ADV (Prop_plle2_adv_CLKIN1_CLKOUT0)
                                                     -7.650     2.470 r  system_i/pll_0/inst/plle2_adv_inst/CLKOUT0
                         net (fo=1, routed)           1.594     4.065    system_i/pll_0/inst/clk_out1_system_pll_0_0
    BUFGCTRL_X0Y0        BUFG (Prop_bufg_I_O)         0.091     4.156 r  system_i/pll_0/inst/clkout1_buf/O
                         net (fo=3003, routed)        1.551     5.706    system_i/adc_0/inst/aclk
    ILOGIC_X0Y35         FDRE                                         r  system_i/adc_0/inst/int_dat_a_reg_reg[0]/C
                         clock pessimism              0.000     5.706    
                         clock uncertainty           -0.186     5.520    
    ILOGIC_X0Y35         FDRE (Setup_fdre_C_D)       -0.011     5.509    system_i/adc_0/inst/int_dat_a_reg_reg[0]
  -------------------------------------------------------------------
                         required time                          5.509    
                         arrival time                          -2.045    
  -------------------------------------------------------------------
                         slack                                  3.464    

Slack (MET) :             3.489ns  (required time - arrival time)
  Source:                 adc_dat_a_i[8]
                            (input port clocked by adc_clk_p_i  {rise@0.000ns fall@4.000ns period=8.000ns})
  Destination:            system_i/adc_0/inst/int_dat_a_reg_reg[6]/D
                            (rising edge-triggered cell FDRE clocked by clk_out1_system_pll_0_0  {rise@0.000ns fall@4.000ns period=8.000ns})
  Path Group:             clk_out1_system_pll_0_0
  Path Type:              Setup (Max at Slow Process Corner)
  Requirement:            8.000ns  (clk_out1_system_pll_0_0 rise@8.000ns - adc_clk_p_i rise@0.000ns)
  Data Path Delay:        1.024ns  (logic 1.024ns (100.000%)  route 0.000ns (0.000%))
  Logic Levels:           1  (IBUF=1)
  Input Delay:            1.000ns
  Clock Path Skew:        -2.290ns (DCD - SCD + CPR)
    Destination Clock Delay (DCD):    -2.290ns = ( 5.710 - 8.000 ) 
    Source Clock Delay      (SCD):    0.000ns
    Clock Pessimism Removal (CPR):    0.000ns
  Clock Uncertainty:      0.186ns  ((TSJ^2 + TIJ^2 + DJ^2)^1/2) / 2 + PE
    Total System Jitter     (TSJ):    0.071ns
    Total Input Jitter      (TIJ):    0.080ns
    Discrete Jitter          (DJ):    0.125ns
    Phase Error              (PE):    0.104ns

    Location             Delay type                Incr(ns)  Path(ns)    Netlist Resource(s)
  -------------------------------------------------------------------    -------------------
                         (clock adc_clk_p_i rise edge)
                                                      0.000     0.000 r  
                         input delay                  1.000     1.000    
    W13                                               0.000     1.000 r  adc_dat_a_i[8] (IN)
                         net (fo=0)                   0.000     1.000    adc_dat_a_i[8]
    W13                  IBUF (Prop_ibuf_I_O)         1.024     2.024 r  adc_dat_a_i_IBUF[8]_inst/O
                         net (fo=1, routed)           0.000     2.024    system_i/adc_0/inst/adc_dat_a[6]
    ILOGIC_X0Y41         FDRE                                         r  system_i/adc_0/inst/int_dat_a_reg_reg[6]/D
  -------------------------------------------------------------------    -------------------

                         (clock clk_out1_system_pll_0_0 rise edge)
                                                      8.000     8.000 r  
    U18                                               0.000     8.000 r  adc_clk_p_i (IN)
                         net (fo=0)                   0.000     8.000    system_i/pll_0/inst/clk_in1_p
    U18                  IBUFDS (Prop_ibufds_I_O)     0.940     8.940 r  system_i/pll_0/inst/clkin1_ibufgds/O
                         net (fo=1, routed)           1.181    10.121    system_i/pll_0/inst/clk_in1_system_pll_0_0
    PLLE2_ADV_X0Y0       PLLE2_ADV (Prop_plle2_adv_CLKIN1_CLKOUT0)
                                                     -7.650     2.470 r  system_i/pll_0/inst/plle2_adv_inst/CLKOUT0
                         net (fo=1, routed)           1.594     4.065    system_i/pll_0/inst/clk_out1_system_pll_0_0
    BUFGCTRL_X0Y0        BUFG (Prop_bufg_I_O)         0.091     4.156 r  system_i/pll_0/inst/clkout1_buf/O
                         net (fo=3003, routed)        1.555     5.710    system_i/adc_0/inst/aclk
    ILOGIC_X0Y41         FDRE                                         r  system_i/adc_0/inst/int_dat_a_reg_reg[6]/C
                         clock pessimism              0.000     5.710    
                         clock uncertainty           -0.186     5.524    
    ILOGIC_X0Y41         FDRE (Setup_fdre_C_D)       -0.011     5.513    system_i/adc_0/inst/int_dat_a_reg_reg[6]
  -------------------------------------------------------------------
                         required time                          5.513    
                         arrival time                          -2.024    
  -------------------------------------------------------------------
                         slack                                  3.489    

Slack (MET) :             3.494ns  (required time - arrival time)
  Source:                 adc_dat_a_i[14]
                            (input port clocked by adc_clk_p_i  {rise@0.000ns fall@4.000ns period=8.000ns})
  Destination:            system_i/adc_0/inst/int_dat_a_reg_reg[12]/D
                            (rising edge-triggered cell FDRE clocked by clk_out1_system_pll_0_0  {rise@0.000ns fall@4.000ns period=8.000ns})
  Path Group:             clk_out1_system_pll_0_0
  Path Type:              Setup (Max at Slow Process Corner)
  Requirement:            8.000ns  (clk_out1_system_pll_0_0 rise@8.000ns - adc_clk_p_i rise@0.000ns)
  Data Path Delay:        1.013ns  (logic 1.013ns (100.000%)  route 0.000ns (0.000%))
  Logic Levels:           1  (IBUF=1)
  Input Delay:            1.000ns
  Clock Path Skew:        -2.296ns (DCD - SCD + CPR)
    Destination Clock Delay (DCD):    -2.296ns = ( 5.704 - 8.000 ) 
    Source Clock Delay      (SCD):    0.000ns
    Clock Pessimism Removal (CPR):    0.000ns
  Clock Uncertainty:      0.186ns  ((TSJ^2 + TIJ^2 + DJ^2)^1/2) / 2 + PE
    Total System Jitter     (TSJ):    0.071ns
    Total Input Jitter      (TIJ):    0.080ns
    Discrete Jitter          (DJ):    0.125ns
    Phase Error              (PE):    0.104ns

    Location             Delay type                Incr(ns)  Path(ns)    Netlist Resource(s)
  -------------------------------------------------------------------    -------------------
                         (clock adc_clk_p_i rise edge)
                                                      0.000     0.000 r  
                         input delay                  1.000     1.000    
    T16                                               0.000     1.000 r  adc_dat_a_i[14] (IN)
                         net (fo=0)                   0.000     1.000    adc_dat_a_i[14]
    T16                  IBUF (Prop_ibuf_I_O)         1.013     2.013 r  adc_dat_a_i_IBUF[14]_inst/O
                         net (fo=1, routed)           0.000     2.013    system_i/adc_0/inst/adc_dat_a[12]
    ILOGIC_X0Y32         FDRE                                         r  system_i/adc_0/inst/int_dat_a_reg_reg[12]/D
  -------------------------------------------------------------------    -------------------

                         (clock clk_out1_system_pll_0_0 rise edge)
                                                      8.000     8.000 r  
    U18                                               0.000     8.000 r  adc_clk_p_i (IN)
                         net (fo=0)                   0.000     8.000    system_i/pll_0/inst/clk_in1_p
    U18                  IBUFDS (Prop_ibufds_I_O)     0.940     8.940 r  system_i/pll_0/inst/clkin1_ibufgds/O
                         net (fo=1, routed)           1.181    10.121    system_i/pll_0/inst/clk_in1_system_pll_0_0
    PLLE2_ADV_X0Y0       PLLE2_ADV (Prop_plle2_adv_CLKIN1_CLKOUT0)
                                                     -7.650     2.470 r  system_i/pll_0/inst/plle2_adv_inst/CLKOUT0
                         net (fo=1, routed)           1.594     4.065    system_i/pll_0/inst/clk_out1_system_pll_0_0
    BUFGCTRL_X0Y0        BUFG (Prop_bufg_I_O)         0.091     4.156 r  system_i/pll_0/inst/clkout1_buf/O
                         net (fo=3003, routed)        1.549     5.704    system_i/adc_0/inst/aclk
    ILOGIC_X0Y32         FDRE                                         r  system_i/adc_0/inst/int_dat_a_reg_reg[12]/C
                         clock pessimism              0.000     5.704    
                         clock uncertainty           -0.186     5.518    
    ILOGIC_X0Y32         FDRE (Setup_fdre_C_D)       -0.011     5.507    system_i/adc_0/inst/int_dat_a_reg_reg[12]
  -------------------------------------------------------------------
                         required time                          5.507    
                         arrival time                          -2.013    
  -------------------------------------------------------------------
                         slack                                  3.494    

Slack (MET) :             3.495ns  (required time - arrival time)
  Source:                 adc_dat_a_i[9]
                            (input port clocked by adc_clk_p_i  {rise@0.000ns fall@4.000ns period=8.000ns})
  Destination:            system_i/adc_0/inst/int_dat_a_reg_reg[7]/D
                            (rising edge-triggered cell FDRE clocked by clk_out1_system_pll_0_0  {rise@0.000ns fall@4.000ns period=8.000ns})
  Path Group:             clk_out1_system_pll_0_0
  Path Type:              Setup (Max at Slow Process Corner)
  Requirement:            8.000ns  (clk_out1_system_pll_0_0 rise@8.000ns - adc_clk_p_i rise@0.000ns)
  Data Path Delay:        1.018ns  (logic 1.018ns (100.000%)  route 0.000ns (0.000%))
  Logic Levels:           1  (IBUF=1)
  Input Delay:            1.000ns
  Clock Path Skew:        -2.290ns (DCD - SCD + CPR)
    Destination Clock Delay (DCD):    -2.290ns = ( 5.710 - 8.000 ) 
    Source Clock Delay      (SCD):    0.000ns
    Clock Pessimism Removal (CPR):    0.000ns
  Clock Uncertainty:      0.186ns  ((TSJ^2 + TIJ^2 + DJ^2)^1/2) / 2 + PE
    Total System Jitter     (TSJ):    0.071ns
    Total Input Jitter      (TIJ):    0.080ns
    Discrete Jitter          (DJ):    0.125ns
    Phase Error              (PE):    0.104ns

    Location             Delay type                Incr(ns)  Path(ns)    Netlist Resource(s)
  -------------------------------------------------------------------    -------------------
                         (clock adc_clk_p_i rise edge)
                                                      0.000     0.000 r  
                         input delay                  1.000     1.000    
    V12                                               0.000     1.000 r  adc_dat_a_i[9] (IN)
                         net (fo=0)                   0.000     1.000    adc_dat_a_i[9]
    V12                  IBUF (Prop_ibuf_I_O)         1.018     2.018 r  adc_dat_a_i_IBUF[9]_inst/O
                         net (fo=1, routed)           0.000     2.018    system_i/adc_0/inst/adc_dat_a[7]
    ILOGIC_X0Y42         FDRE                                         r  system_i/adc_0/inst/int_dat_a_reg_reg[7]/D
  -------------------------------------------------------------------    -------------------

                         (clock clk_out1_system_pll_0_0 rise edge)
                                                      8.000     8.000 r  
    U18                                               0.000     8.000 r  adc_clk_p_i (IN)
                         net (fo=0)                   0.000     8.000    system_i/pll_0/inst/clk_in1_p
    U18                  IBUFDS (Prop_ibufds_I_O)     0.940     8.940 r  system_i/pll_0/inst/clkin1_ibufgds/O
                         net (fo=1, routed)           1.181    10.121    system_i/pll_0/inst/clk_in1_system_pll_0_0
    PLLE2_ADV_X0Y0       PLLE2_ADV (Prop_plle2_adv_CLKIN1_CLKOUT0)
                                                     -7.650     2.470 r  system_i/pll_0/inst/plle2_adv_inst/CLKOUT0
                         net (fo=1, routed)           1.594     4.065    system_i/pll_0/inst/clk_out1_system_pll_0_0
    BUFGCTRL_X0Y0        BUFG (Prop_bufg_I_O)         0.091     4.156 r  system_i/pll_0/inst/clkout1_buf/O
                         net (fo=3003, routed)        1.555     5.710    system_i/adc_0/inst/aclk
    ILOGIC_X0Y42         FDRE                                         r  system_i/adc_0/inst/int_dat_a_reg_reg[7]/C
                         clock pessimism              0.000     5.710    
                         clock uncertainty           -0.186     5.524    
    ILOGIC_X0Y42         FDRE (Setup_fdre_C_D)       -0.011     5.513    system_i/adc_0/inst/int_dat_a_reg_reg[7]
  -------------------------------------------------------------------
                         required time                          5.513    
                         arrival time                          -2.018    
  -------------------------------------------------------------------
                         slack                                  3.495    

Slack (MET) :             3.509ns  (required time - arrival time)
  Source:                 adc_dat_a_i[10]
                            (input port clocked by adc_clk_p_i  {rise@0.000ns fall@4.000ns period=8.000ns})
  Destination:            system_i/adc_0/inst/int_dat_a_reg_reg[8]/D
                            (rising edge-triggered cell FDRE clocked by clk_out1_system_pll_0_0  {rise@0.000ns fall@4.000ns period=8.000ns})
  Path Group:             clk_out1_system_pll_0_0
  Path Type:              Setup (Max at Slow Process Corner)
  Requirement:            8.000ns  (clk_out1_system_pll_0_0 rise@8.000ns - adc_clk_p_i rise@0.000ns)
  Data Path Delay:        1.004ns  (logic 1.004ns (100.000%)  route 0.000ns (0.000%))
  Logic Levels:           1  (IBUF=1)
  Input Delay:            1.000ns
  Clock Path Skew:        -2.290ns (DCD - SCD + CPR)
    Destination Clock Delay (DCD):    -2.290ns = ( 5.710 - 8.000 ) 
    Source Clock Delay      (SCD):    0.000ns
    Clock Pessimism Removal (CPR):    0.000ns
  Clock Uncertainty:      0.186ns  ((TSJ^2 + TIJ^2 + DJ^2)^1/2) / 2 + PE
    Total System Jitter     (TSJ):    0.071ns
    Total Input Jitter      (TIJ):    0.080ns
    Discrete Jitter          (DJ):    0.125ns
    Phase Error              (PE):    0.104ns

    Location             Delay type                Incr(ns)  Path(ns)    Netlist Resource(s)
  -------------------------------------------------------------------    -------------------
                         (clock adc_clk_p_i rise edge)
                                                      0.000     0.000 r  
                         input delay                  1.000     1.000    
    V13                                               0.000     1.000 r  adc_dat_a_i[10] (IN)
                         net (fo=0)                   0.000     1.000    adc_dat_a_i[10]
    V13                  IBUF (Prop_ibuf_I_O)         1.004     2.004 r  adc_dat_a_i_IBUF[10]_inst/O
                         net (fo=1, routed)           0.000     2.004    system_i/adc_0/inst/adc_dat_a[8]
    ILOGIC_X0Y43         FDRE                                         r  system_i/adc_0/inst/int_dat_a_reg_reg[8]/D
  -------------------------------------------------------------------    -------------------

                         (clock clk_out1_system_pll_0_0 rise edge)
                                                      8.000     8.000 r  
    U18                                               0.000     8.000 r  adc_clk_p_i (IN)
                         net (fo=0)                   0.000     8.000    system_i/pll_0/inst/clk_in1_p
    U18                  IBUFDS (Prop_ibufds_I_O)     0.940     8.940 r  system_i/pll_0/inst/clkin1_ibufgds/O
                         net (fo=1, routed)           1.181    10.121    system_i/pll_0/inst/clk_in1_system_pll_0_0
    PLLE2_ADV_X0Y0       PLLE2_ADV (Prop_plle2_adv_CLKIN1_CLKOUT0)
                                                     -7.650     2.470 r  system_i/pll_0/inst/plle2_adv_inst/CLKOUT0
                         net (fo=1, routed)           1.594     4.065    system_i/pll_0/inst/clk_out1_system_pll_0_0
    BUFGCTRL_X0Y0        BUFG (Prop_bufg_I_O)         0.091     4.156 r  system_i/pll_0/inst/clkout1_buf/O
                         net (fo=3003, routed)        1.555     5.710    system_i/adc_0/inst/aclk
    ILOGIC_X0Y43         FDRE                                         r  system_i/adc_0/inst/int_dat_a_reg_reg[8]/C
                         clock pessimism              0.000     5.710    
                         clock uncertainty           -0.186     5.524    
    ILOGIC_X0Y43         FDRE (Setup_fdre_C_D)       -0.011     5.513    system_i/adc_0/inst/int_dat_a_reg_reg[8]
  -------------------------------------------------------------------
                         required time                          5.513    
                         arrival time                          -2.004    
  -------------------------------------------------------------------
                         slack                                  3.509    





--------------------------------------------------------------------------------------
Path Group:  (none)
From Clock:  clkfbout_system_pll_0_0
  To Clock:  

Max Delay             1 Endpoint
Min Delay             1 Endpoint
--------------------------------------------------------------------------------------


Max Delay Paths
--------------------------------------------------------------------------------------
Slack:                    inf
  Source:                 system_i/pll_0/inst/plle2_adv_inst/CLKFBOUT
                            (clock source 'clkfbout_system_pll_0_0'  {rise@0.000ns fall@4.000ns period=8.000ns})
  Destination:            system_i/pll_0/inst/plle2_adv_inst/CLKFBIN
  Path Group:             (none)
  Path Type:              Max at Fast Process Corner
  Data Path Delay:        1.390ns  (logic 0.029ns (2.086%)  route 1.361ns (97.914%))
  Logic Levels:           1  (BUFG=1)
  Clock Uncertainty:      0.154ns  ((TSJ^2 + DJ^2)^1/2) / 2 + PE
    Total System Jitter     (TSJ):    0.050ns
    Discrete Jitter          (DJ):    0.087ns
    Phase Error              (PE):    0.104ns

    Location             Delay type                Incr(ns)  Path(ns)    Netlist Resource(s)
  -------------------------------------------------------------------    -------------------
                         (clock clkfbout_system_pll_0_0 fall edge)
                                                      4.000     4.000 f  
    U18                                               0.000     4.000 f  adc_clk_p_i (IN)
                         net (fo=0)                   0.000     4.000    system_i/pll_0/inst/clk_in1_p
    U18                  IBUFDS (Prop_ibufds_I_O)     0.433     4.433 f  system_i/pll_0/inst/clkin1_ibufgds/O
                         net (fo=1, routed)           0.481     4.914    system_i/pll_0/inst/clk_in1_system_pll_0_0
  -------------------------------------------------------------------    -------------------
    PLLE2_ADV_X0Y0       PLLE2_ADV (Prop_plle2_adv_CLKIN1_CLKFBOUT)
                                                     -2.546     2.368 f  system_i/pll_0/inst/plle2_adv_inst/CLKFBOUT
                         net (fo=1, routed)           0.544     2.912    system_i/pll_0/inst/clkfbout_system_pll_0_0
    BUFGCTRL_X0Y1        BUFG (Prop_bufg_I_O)         0.029     2.941 f  system_i/pll_0/inst/clkf_buf/O
                         net (fo=1, routed)           0.817     3.758    system_i/pll_0/inst/clkfbout_buf_system_pll_0_0
    PLLE2_ADV_X0Y0       PLLE2_ADV                                    f  system_i/pll_0/inst/plle2_adv_inst/CLKFBIN
  -------------------------------------------------------------------    -------------------





Min Delay Paths
--------------------------------------------------------------------------------------
Slack:                    inf
  Source:                 system_i/pll_0/inst/plle2_adv_inst/CLKFBOUT
                            (clock source 'clkfbout_system_pll_0_0'  {rise@0.000ns fall@4.000ns period=8.000ns})
  Destination:            system_i/pll_0/inst/plle2_adv_inst/CLKFBIN
  Path Group:             (none)
  Path Type:              Min at Slow Process Corner
  Data Path Delay:        3.194ns  (logic 0.091ns (2.849%)  route 3.103ns (97.151%))
  Logic Levels:           1  (BUFG=1)
  Clock Uncertainty:      0.154ns  ((TSJ^2 + DJ^2)^1/2) / 2 + PE
    Total System Jitter     (TSJ):    0.050ns
    Discrete Jitter          (DJ):    0.087ns
    Phase Error              (PE):    0.104ns

    Location             Delay type                Incr(ns)  Path(ns)    Netlist Resource(s)
  -------------------------------------------------------------------    -------------------
                         (clock clkfbout_system_pll_0_0 rise edge)
                                                      0.000     0.000 r  
    U18                                               0.000     0.000 r  adc_clk_p_i (IN)
                         net (fo=0)                   0.000     0.000    system_i/pll_0/inst/clk_in1_p
    U18                  IBUFDS (Prop_ibufds_I_O)     0.940     0.940 r  system_i/pll_0/inst/clkin1_ibufgds/O
                         net (fo=1, routed)           1.181     2.121    system_i/pll_0/inst/clk_in1_system_pll_0_0
  -------------------------------------------------------------------    -------------------
    PLLE2_ADV_X0Y0       PLLE2_ADV (Prop_plle2_adv_CLKIN1_CLKFBOUT)
                                                     -7.650    -5.530 r  system_i/pll_0/inst/plle2_adv_inst/CLKFBOUT
                         net (fo=1, routed)           1.594    -3.935    system_i/pll_0/inst/clkfbout_system_pll_0_0
    BUFGCTRL_X0Y1        BUFG (Prop_bufg_I_O)         0.091    -3.844 r  system_i/pll_0/inst/clkf_buf/O
                         net (fo=1, routed)           1.509    -2.335    system_i/pll_0/inst/clkfbout_buf_system_pll_0_0
    PLLE2_ADV_X0Y0       PLLE2_ADV                                    r  system_i/pll_0/inst/plle2_adv_inst/CLKFBIN
  -------------------------------------------------------------------    -------------------





